Label,value
Total Branch Coverage,1205
Trace with Highest Branch Coverage,[K-D-M-N-H-I-J-F-A-H-C-F-H-O-L-M-M-F-J-K-R]
HBC,260
Trace with Lowest Branch Distance,[J-L-G-N-H-H-A-A-N-F-C-A-G-I-G-E-C-H-H-O-R]
LBC,996.76605
Error size,39
error_54,[C-M-D-M-I-N-E-I-K-J-L-B-D-B-I-N-C-O-D-C-R, J-C-B-D-N-I-L-G-J-J-G-O-C-H-L-B-J-O-M-A-R, O-G-D-J-M-J-F-C-A-O-N-C-I-J-M-N-B-K-B-O-R, K-D-F-N-F-C-I-L-N-B-G-H-N-N-K-J-D-B-D-O-R, D-J-C-N-I-B-A-L-H-O-E-J-G-C-B-O-H-K-C-I-R, D-F-N-I-J-G-O-E-B-M-H-F-O-J-M-L-B-D-C-I-R, O-A-J-O-D-N-O-I-B-N-N-K-J-O-L-B-O-I-M-L-R, D-K-C-N-K-L-I-I-B-N-J-L-G-K-B-G-I-O-M-K-R, C-H-G-H-F-N-D-D-M-N-I-I-J-J-D-B-I-O-E-G-R, A-B-C-D-N-I-F-E-N-E-N-A-K-A-J-B-I-O-K-C-R, D-E-C-N-I-N-I-G-J-B-O-K-A-I-L-K-C-F-E-E-R, E-A-O-D-G-N-I-I-J-K-K-D-C-B-J-L-O-F-L-M-R, A-D-O-K-E-I-M-E-N-O-K-D-M-I-N-J-B-J-K-O-R, J-D-L-K-O-I-J-A-N-H-I-N-J-N-B-D-G-N-G-O-R, M-F-D-N-H-L-I-J-K-D-L-B-O-A-I-E-K-L-D-H-R, J-H-E-K-K-N-B-D-E-K-J-N-A-I-J-O-B-I-O-N-R, D-N-I-M-M-G-H-L-J-H-E-K-J-L-B-D-J-O-I-G-R, D-N-L-F-C-E-D-H-L-I-O-L-J-J-B-I-L-D-O-F-R, B-A-C-D-N-I-I-L-M-D-N-D-J-J-E-B-M-O-I-M-R, G-D-J-E-J-L-G-H-F-H-I-A-O-F-N-I-F-J-B-O-R, D-N-I-L-J-J-O-B-K-E-O-F-K-M-N-K-M-J-O-M-R, F-N-D-I-H-N-O-O-A-I-D-G-G-I-J-D-B-O-B-K-R, D-N-I-L-J-D-M-B-G-K-K-G-J-L-O-O-J-F-H-D-R, D-H-F-N-A-I-J-B-L-M-I-M-J-I-K-J-I-O-F-N-R, G-D-E-C-F-H-A-L-N-H-B-A-D-L-I-J-L-B-O-H-R, M-D-G-N-K-I-H-O-N-D-B-A-A-J-G-J-E-A-B-O-R, M-H-B-D-K-C-H-A-D-M-J-L-N-G-I-J-A-D-B-O-R, D-N-O-I-B-F-J-L-A-B-N-J-J-D-K-O-M-F-D-L-R, D-N-D-I-J-D-M-B-O-F-O-B-L-A-C-C-F-C-O-K-R, D-I-E-D-N-D-G-M-I-I-J-H-B-G-N-O-F-H-C-J-R, D-J-D-E-C-I-O-C-N-I-F-G-I-J-B-O-H-G-O-H-R, F-D-O-O-O-G-N-A-I-B-J-D-D-L-B-O-O-B-L-M-R, D-F-D-M-N-I-J-H-B-H-G-K-L-I-H-H-G-O-J-L-R, O-G-D-N-K-F-H-C-B-G-K-M-I-J-M-B-J-O-C-E-R, E-J-O-D-N-D-L-A-B-I-K-F-H-J-H-B-J-O-A-B-R, J-D-J-C-N-I-N-H-G-J-B-O-J-C-I-K-H-O-D-M-R, E-D-O-F-E-L-M-I-K-I-N-K-I-E-J-G-B-O-E-C-R, F-D-K-F-N-L-L-G-H-H-I-H-J-B-G-E-G-O-A-A-R, G-N-F-D-N-L-H-I-A-F-J-J-D-M-J-O-N-B-O-O-R, H-C-D-N-M-G-B-A-M-I-A-A-J-J-H-B-O-O-J-J-R, D-J-G-E-C-F-F-H-N-B-E-I-M-M-B-J-D-C-B-O-R, B-B-D-O-K-N-I-J-H-L-O-J-B-D-O-I-K-A-L-F-R, E-D-N-E-K-D-O-I-B-G-I-M-A-J-B-C-G-O-E-L-R, K-H-C-H-N-D-J-N-E-L-L-G-I-J-C-H-B-O-E-F-R, K-K-D-L-N-C-I-M-J-B-H-B-H-M-M-K-K-O-J-B-R, K-B-B-D-G-N-I-H-J-B-L-D-G-I-C-E-K-E-L-O-R, G-H-O-D-D-O-O-N-I-E-L-F-F-O-A-A-J-B-L-O-R, A-C-A-D-N-B-C-I-A-I-D-B-B-F-G-J-J-B-O-L-R, G-D-D-N-I-B-I-A-B-A-J-B-O-L-F-C-B-G-C-F-R, D-N-O-B-I-F-M-L-O-J-L-D-D-B-B-O-O-O-A-G-R, F-D-A-N-H-M-H-E-A-I-B-E-K-K-J-M-D-B-O-A-R, K-D-C-E-N-L-A-D-B-I-F-F-O-J-B-L-C-O-E-L-R, O-B-D-N-O-I-L-J-B-N-G-O-H-C-A-A-K-C-O-G-R, G-E-F-D-N-F-I-F-G-H-D-J-D-B-F-J-L-H-O-E-R, D-L-H-N-L-C-M-A-I-I-D-O-G-J-A-O-M-B-O-B-R]
error_76,[D-B-H-G-J-K-I-N-I-J-M-A-E-H-G-L-C-J-K-H-R, N-B-N-G-D-B-A-G-F-E-B-L-E-N-A-D-O-C-H-H-R, M-D-B-D-K-D-M-J-H-H-K-M-O-B-E-B-A-L-C-H-R, A-E-D-M-K-B-A-O-O-M-B-L-G-C-B-H-F-K-B-K-R, B-H-D-I-I-J-B-L-A-B-M-N-L-N-C-H-A-N-H-K-R, J-B-D-B-D-L-A-E-L-D-B-C-C-A-C-M-H-D-B-I-R, K-O-D-B-G-B-M-B-A-H-L-E-D-M-N-C-H-I-M-N-R, D-E-A-B-E-A-A-D-I-B-J-J-L-O-F-K-C-B-H-B-R, M-H-G-D-K-K-B-M-E-D-J-A-C-L-C-O-I-M-H-A-R, A-D-I-E-A-F-I-H-G-E-B-J-A-L-B-C-E-M-H-C-R, F-O-K-D-B-A-L-L-F-C-C-N-H-E-E-I-D-F-N-L-R, O-H-B-C-M-D-B-N-O-N-A-K-L-C-C-H-E-B-N-O-R, E-D-G-B-J-G-I-N-N-K-A-K-N-L-K-C-H-B-E-N-R, D-H-D-B-O-L-L-A-L-C-K-H-I-F-O-G-F-I-O-F-R, J-F-D-J-G-O-M-L-B-A-O-B-M-L-C-M-B-M-B-H-R, E-K-D-D-J-B-A-E-O-O-J-L-O-J-O-C-I-H-M-L-R, N-C-M-D-B-M-B-B-L-A-L-M-L-F-E-N-B-C-H-N-R, O-D-C-A-I-H-B-G-C-A-J-B-J-L-O-C-H-O-M-E-R, E-H-J-D-E-B-K-J-D-G-A-N-L-L-O-D-C-H-K-A-R, D-I-J-J-E-J-A-C-E-L-B-A-B-K-L-M-L-O-C-H-R, F-D-A-C-K-L-K-K-E-D-B-A-G-L-D-L-L-C-J-H-R, N-O-M-N-G-D-I-F-A-B-D-M-L-O-A-L-M-C-H-A-R, D-H-J-O-F-I-D-H-O-B-A-B-H-O-L-C-K-A-O-H-R, D-L-M-K-M-B-A-L-C-A-I-H-G-C-H-I-I-M-H-O-R, N-A-B-D-A-G-B-M-H-B-A-L-B-C-C-H-L-J-G-F-R, B-D-M-L-B-H-I-A-H-L-M-A-A-B-O-C-H-F-E-A-R, K-D-E-L-O-D-G-G-B-A-E-L-B-G-D-C-F-H-H-C-R, E-H-O-C-C-K-G-D-K-B-O-C-E-A-E-L-C-H-G-J-R, J-C-N-H-A-D-J-O-M-B-B-L-I-B-A-J-L-I-C-H-R, D-A-E-B-I-O-L-D-E-A-J-L-A-O-J-L-C-H-K-E-R, C-E-F-D-K-A-B-A-F-L-G-A-N-C-H-N-E-N-J-B-R, E-D-C-C-K-E-B-M-I-A-E-J-M-J-E-C-L-C-H-O-R, G-J-G-M-M-E-H-D-A-B-I-A-J-L-C-I-A-H-L-I-R, D-O-B-H-A-C-L-C-M-J-H-M-K-C-M-G-G-L-A-G-R, O-M-D-B-O-D-A-C-L-C-N-A-A-B-M-H-L-O-C-H-R, D-G-B-M-B-A-B-L-N-L-D-O-M-O-O-M-E-K-C-H-R, F-F-D-B-D-J-A-K-J-L-M-D-A-C-H-L-E-L-O-A-R, K-D-K-B-K-A-M-H-H-L-A-A-M-C-H-N-C-C-A-F-R, D-F-F-B-A-C-B-N-B-L-G-O-I-B-N-O-C-H-K-C-R]
error_33,[F-A-F-H-B-D-A-B-B-B-A-O-I-H-I-F-H-G-E-F-R, F-A-O-D-K-B-A-N-E-I-B-O-K-F-H-G-G-G-F-A-R, D-B-A-K-O-E-M-N-N-K-E-M-H-B-F-I-E-H-E-G-R, A-K-H-N-D-B-A-I-J-O-E-G-H-G-B-E-N-B-O-A-R, J-H-E-H-D-B-M-I-A-G-G-I-H-K-G-H-M-B-B-L-R, D-A-G-K-B-A-M-O-I-L-K-N-M-H-C-N-M-M-G-B-R, K-A-D-F-O-I-B-A-J-O-I-G-L-H-D-H-G-A-D-E-R, E-D-N-B-D-C-A-A-I-C-G-G-F-K-G-B-O-O-D-H-R, J-D-B-A-I-N-I-O-H-F-J-C-A-K-G-E-E-B-H-N-R, D-O-K-A-G-H-K-K-B-L-A-I-H-N-N-G-N-E-B-B-R, D-B-A-E-B-M-N-G-K-G-I-F-N-C-E-H-E-B-G-G-R, D-G-H-I-J-C-F-F-K-I-B-I-A-F-I-N-H-D-G-C-R, J-B-D-M-B-K-H-A-O-I-B-K-N-H-B-E-K-G-A-C-R, M-N-F-D-M-J-B-N-A-G-O-I-I-N-H-G-A-F-L-L-R, D-B-K-N-H-C-A-I-H-G-K-N-A-B-H-N-N-M-L-J-R, D-B-H-M-A-M-I-E-B-G-C-H-G-H-N-J-L-G-A-H-R, C-D-B-B-L-O-C-J-J-J-G-L-A-O-I-H-J-N-G-M-R, J-D-I-E-D-F-L-H-C-B-H-O-D-N-A-I-H-L-I-G-R, D-K-G-L-F-M-B-B-A-I-C-I-K-K-K-J-F-H-G-N-R, D-B-A-H-I-K-F-O-H-J-D-L-A-E-G-K-G-L-L-E-R, F-D-N-O-F-I-E-H-N-H-I-C-D-G-L-D-H-F-E-G-R, D-N-F-K-I-C-F-M-E-C-M-G-F-K-F-C-G-G-B-D-R, D-G-A-N-H-F-I-C-E-F-L-E-F-G-M-K-K-F-B-G-R, J-O-M-D-B-J-O-E-A-I-H-F-G-G-E-K-L-O-L-F-R, D-A-L-I-C-H-B-A-G-I-H-D-L-L-C-A-A-G-G-E-R, O-D-K-I-G-N-I-O-C-H-D-G-G-M-E-F-M-G-I-B-R, G-F-G-N-D-L-B-A-I-G-C-H-M-G-K-O-K-L-M-N-R, D-M-G-C-B-A-B-K-I-G-H-B-E-N-F-E-E-G-G-N-R, D-O-K-B-A-N-C-I-K-F-B-H-K-B-G-I-A-J-N-I-R, C-D-D-B-A-M-C-I-N-L-E-B-G-H-L-G-B-D-C-A-R, C-J-E-C-D-A-B-I-O-C-C-B-H-B-A-I-H-G-K-J-R, E-A-C-D-D-H-C-E-B-G-O-O-D-A-I-H-C-G-H-N-R, B-N-D-B-L-E-A-E-O-F-B-I-H-G-C-O-B-I-I-F-R, D-L-O-D-M-A-B-B-C-I-M-A-O-N-O-J-I-L-H-G-R, A-D-O-B-A-O-H-J-O-G-K-C-H-I-H-H-G-G-O-O-R, B-N-G-D-N-O-I-I-C-G-F-F-N-I-G-F-J-D-G-K-R, K-H-O-D-I-B-N-A-I-H-E-F-K-E-B-J-L-G-F-K-R, D-F-O-J-B-D-H-I-A-F-J-I-C-M-J-H-B-G-F-E-R, O-H-D-N-C-H-I-K-G-L-K-O-C-G-K-L-F-I-I-G-R, D-L-H-I-O-B-N-O-A-E-E-B-F-I-H-B-G-F-A-M-R, O-J-E-D-M-H-K-B-B-L-J-A-G-N-I-I-H-K-B-G-R, D-B-A-I-H-E-O-G-F-N-G-H-J-L-G-F-H-K-L-A-R, D-B-A-I-H-H-K-D-E-E-K-F-K-B-E-I-A-G-K-D-R, K-D-M-D-B-J-J-A-I-O-M-H-B-B-I-I-K-M-G-M-R, B-G-D-A-B-G-A-E-G-N-I-H-G-H-J-E-C-M-F-L-R, D-B-A-O-G-E-O-J-I-E-H-F-K-N-G-J-F-M-C-C-R, B-H-K-D-L-M-M-I-A-C-B-N-O-C-A-G-I-H-G-A-R, H-B-D-E-B-G-N-I-H-K-A-I-H-L-D-G-E-M-I-E-R, F-B-J-A-J-D-K-B-A-I-H-J-G-K-A-F-L-K-O-C-R, D-J-B-A-I-B-N-K-H-E-J-I-A-A-M-F-C-A-G-O-R, B-O-E-D-F-B-A-I-O-H-I-L-D-G-A-F-O-C-E-B-R, D-B-J-A-J-E-I-K-H-N-K-D-G-E-G-C-E-D-I-O-R, H-J-D-H-K-N-B-L-I-G-O-C-G-B-H-L-J-I-F-G-R, A-D-L-H-L-B-H-A-E-G-B-I-H-G-D-K-N-F-L-L-R, D-A-O-O-O-E-B-A-M-K-C-I-H-C-M-G-H-G-D-D-R, C-B-K-D-E-H-D-N-I-C-G-B-H-F-K-A-A-G-B-H-R]
error_74,[K-H-D-N-K-L-B-N-J-F-B-E-J-N-C-I-E-C-F-H-R, D-C-N-N-M-H-F-I-M-E-B-D-H-F-B-O-G-I-G-I-R, D-N-H-G-N-F-O-J-N-I-H-N-A-L-I-F-B-H-G-A-R, M-F-F-D-K-O-M-F-O-J-N-C-O-M-N-F-L-I-N-H-R, N-A-F-D-N-L-F-N-F-N-I-F-H-O-I-A-M-N-B-M-R, A-F-D-F-G-I-N-F-B-N-F-A-E-G-E-I-A-H-J-H-R, H-D-N-N-F-E-I-H-C-C-L-E-D-L-B-G-M-O-C-O-R, D-E-E-N-E-N-C-F-F-I-D-J-H-C-F-J-N-C-D-L-R, E-D-K-M-N-H-C-E-D-K-D-N-F-A-F-C-I-H-L-C-R, D-F-K-N-N-K-A-F-C-E-A-F-F-I-H-J-C-G-K-E-R, J-M-N-A-N-D-N-N-F-N-O-N-I-H-D-I-C-M-F-E-R, F-J-C-D-L-N-E-H-H-N-I-B-F-J-H-N-L-A-I-H-R, G-D-M-A-A-G-N-E-M-N-F-A-I-H-D-K-J-F-D-N-R, D-G-F-O-M-J-F-N-K-N-C-C-C-F-I-B-I-D-H-G-R, M-D-I-N-L-H-L-K-L-N-F-N-L-I-C-J-K-H-L-H-R, H-F-D-N-D-C-A-B-N-F-N-M-I-A-M-H-D-C-E-D-R, A-D-J-I-D-N-M-L-M-E-N-F-L-C-E-I-D-M-N-H-R, D-K-D-N-L-N-A-F-C-A-M-C-I-M-H-K-B-A-J-I-R, J-D-O-E-N-B-H-K-K-N-C-F-B-G-O-I-G-H-K-C-R, D-N-K-A-H-H-K-E-A-N-F-G-O-I-H-N-M-C-G-B-R, D-O-N-K-D-C-N-F-F-E-G-F-C-F-K-K-I-H-D-L-R, O-A-J-B-D-N-E-N-F-B-F-B-I-C-M-N-D-H-J-K-R, D-I-O-K-L-N-N-D-K-H-E-F-I-G-H-G-F-C-N-D-R, K-D-I-L-C-H-N-N-D-F-K-I-H-D-G-F-G-O-E-N-R, N-M-H-D-N-E-L-N-F-A-E-I-G-H-N-N-O-O-K-B-R, D-K-N-N-F-O-A-B-M-O-I-A-E-K-H-B-O-N-N-B-R, A-A-N-D-G-N-M-F-N-M-D-J-F-G-K-E-I-D-H-A-R, E-B-A-D-N-M-A-N-C-D-D-F-F-I-H-N-M-C-D-H-R, D-C-D-O-A-N-C-N-F-I-H-N-G-G-B-C-C-K-G-J-R, N-N-B-K-E-O-K-D-N-N-O-O-B-F-I-A-B-H-A-M-R, D-N-K-A-O-B-L-N-A-M-F-K-H-A-L-I-O-H-C-F-R, J-K-E-D-L-L-J-N-N-F-I-H-L-G-M-B-K-G-E-O-R, N-D-G-D-C-F-E-H-O-D-I-J-N-N-I-F-I-C-E-H-R, E-D-F-J-A-H-H-C-F-D-N-N-J-F-I-A-M-J-G-H-R, H-O-D-N-G-F-L-O-N-D-F-I-M-K-J-M-A-H-F-E-R, M-O-D-O-K-C-M-N-O-M-N-C-E-F-D-J-I-H-C-K-R, G-H-O-D-O-M-C-N-B-H-C-N-J-J-K-F-I-K-D-H-R, M-G-M-O-N-D-C-N-N-F-E-L-C-I-H-M-M-B-K-E-R, M-D-N-N-F-I-E-J-M-J-A-B-A-B-H-B-J-G-M-K-R, O-C-E-C-D-J-O-N-N-F-M-C-M-D-O-K-I-H-M-K-R, O-E-D-A-A-A-G-N-N-M-O-F-C-I-D-E-H-L-G-C-R, D-G-K-L-O-N-D-A-N-M-F-I-C-B-N-H-I-E-D-G-R, D-J-H-C-F-D-C-I-N-O-G-N-F-I-N-E-I-D-H-E-R, D-G-G-L-F-K-G-K-N-L-N-A-F-K-I-I-H-A-E-B-R, D-E-N-N-O-I-A-A-A-F-A-J-I-H-O-G-F-N-J-N-R, D-A-N-M-M-N-E-I-F-O-I-H-J-K-D-I-G-K-D-G-R, G-A-D-L-I-K-K-F-N-B-E-G-G-K-A-L-N-F-I-H-R, F-H-E-D-D-N-A-E-A-N-E-F-K-L-I-N-H-L-I-J-R, A-N-D-N-N-E-F-B-C-L-D-J-D-E-E-N-I-H-L-B-R, F-D-D-J-N-L-B-N-K-K-F-O-I-C-N-D-G-H-B-N-R, F-E-D-N-C-G-E-N-H-C-F-H-M-D-I-N-H-A-K-I-R, B-K-D-H-E-N-D-C-B-E-N-C-O-M-F-B-K-G-I-H-R]
error_31,[C-I-B-C-J-K-A-A-E-M-M-O-D-L-N-C-J-I-H-N-R, E-B-F-M-I-I-G-B-F-C-K-K-O-I-I-A-E-H-G-D-R, I-F-C-G-F-G-F-J-F-B-H-C-O-F-K-I-N-I-A-E-R, B-I-E-B-O-K-H-C-F-E-G-K-K-M-A-I-I-A-A-E-R, N-C-N-K-I-J-O-B-L-G-C-N-N-F-B-K-A-E-A-J-R, I-I-B-C-C-E-L-M-G-G-K-C-N-M-A-A-B-E-O-N-R, O-B-H-E-K-I-E-E-B-C-K-N-I-B-A-E-K-G-I-C-R, E-E-K-M-A-B-I-D-G-B-O-C-F-K-M-O-A-E-F-A-R, I-E-G-B-E-I-I-C-E-K-N-K-B-B-O-H-A-E-K-C-R, O-J-E-K-C-I-B-G-K-C-K-A-E-F-E-E-L-J-C-G-R, F-N-M-H-I-B-M-O-L-C-B-K-E-E-E-F-D-M-A-E-R, K-C-O-K-I-B-E-E-G-C-B-E-K-I-N-B-I-H-A-E-R, G-I-B-A-C-F-G-N-I-L-L-K-A-E-A-L-C-O-G-J-R, O-I-B-E-M-E-A-C-K-E-A-L-E-M-K-J-G-E-H-J-R, A-I-J-B-A-F-C-C-F-J-F-F-C-K-A-N-J-G-E-D-R, I-M-F-I-B-L-F-O-C-E-K-O-C-J-A-M-M-E-F-I-R, I-C-B-A-F-C-C-B-G-L-G-M-C-C-F-K-A-I-E-E-R, A-M-N-J-I-G-O-B-L-M-C-K-I-A-M-O-B-O-B-E-R]
error_94,[B-D-E-O-F-B-H-D-I-F-A-K-C-C-C-G-J-M-O-L-R, D-B-O-B-F-O-E-G-L-E-K-D-K-K-H-C-F-A-M-C-R, J-F-D-G-B-F-D-I-A-O-G-K-D-C-N-C-C-O-M-L-R, G-K-M-H-D-E-I-B-E-E-F-D-F-K-N-N-A-M-C-C-R, D-C-A-B-D-K-I-F-K-I-K-E-C-C-O-B-N-K-G-A-R, B-D-A-B-F-D-J-E-E-F-C-K-L-D-E-M-C-J-D-C-R, D-B-J-O-O-L-O-H-D-F-F-O-K-B-C-I-C-M-H-L-R, D-B-M-K-N-E-I-G-E-F-K-F-C-C-F-F-O-D-N-M-R, D-I-D-B-M-I-F-K-C-M-C-D-G-H-D-N-N-G-J-A-R, H-H-G-D-E-A-E-B-F-K-D-L-C-G-O-C-B-D-L-G-R, F-A-D-H-G-L-L-M-J-B-F-K-C-A-I-F-M-C-L-D-R, F-K-B-E-H-C-D-A-B-D-D-D-M-K-L-I-F-K-C-C-R, B-F-D-A-M-D-K-L-I-K-D-B-F-K-E-H-D-C-C-C-R, D-B-E-C-F-E-D-E-D-L-A-K-J-B-C-D-J-F-M-C-R, G-D-K-A-A-E-B-G-N-J-F-I-D-K-I-F-A-A-C-C-R, D-L-L-E-B-O-K-F-H-L-L-M-H-M-K-C-E-B-C-K-R, C-O-D-F-C-J-A-B-H-F-D-E-F-K-C-M-F-J-C-L-R, M-E-D-I-J-L-E-B-F-F-F-H-E-K-N-F-C-J-C-K-R, N-D-B-O-E-K-F-K-I-C-C-B-M-E-H-I-G-F-E-E-R, H-D-K-F-I-C-I-D-B-L-F-K-E-D-E-D-N-C-C-J-R, K-K-D-A-E-E-B-G-D-D-D-F-C-K-C-M-B-G-C-F-R, J-J-E-D-B-L-F-E-K-I-F-C-K-O-C-K-O-G-C-F-R, D-G-H-A-H-F-C-B-D-M-I-M-D-B-M-F-K-D-C-C-R, O-D-A-J-B-G-F-H-E-D-O-K-N-F-I-J-C-H-M-C-R, D-B-C-F-K-F-C-K-C-K-K-L-I-B-I-K-G-J-B-K-R, D-H-A-I-E-C-B-F-H-O-K-A-K-C-N-E-O-H-C-M-R, C-D-D-O-E-C-H-M-A-E-B-N-K-L-L-F-K-C-G-C-R, D-I-B-D-F-K-D-C-I-C-I-E-H-F-I-L-H-N-J-G-R, O-D-K-B-E-K-H-O-F-O-J-G-G-I-H-K-C-N-J-C-R, C-G-D-I-D-D-D-B-F-K-L-A-F-N-H-C-C-A-A-J-R, N-D-K-I-G-B-F-M-M-E-F-D-F-G-G-K-C-C-C-F-R, O-D-F-B-E-K-F-H-E-O-L-D-K-E-C-C-H-D-L-B-R, M-D-B-K-H-E-L-C-G-C-F-K-L-C-N-D-O-A-E-C-R, D-D-C-I-C-B-F-H-L-D-C-L-K-E-E-M-C-F-C-D-R, N-A-E-D-B-K-N-F-F-L-K-C-C-O-O-O-C-D-H-D-R, F-K-N-D-B-F-K-N-N-K-H-C-C-N-F-H-N-F-C-A-R, D-B-N-K-E-H-B-H-N-L-F-E-K-F-J-I-C-N-C-J-R, O-C-E-D-D-B-E-B-D-F-F-K-C-C-O-J-E-K-D-E-R, F-D-O-B-F-D-O-I-E-H-F-M-K-E-C-I-M-J-B-C-R, E-D-H-L-D-F-A-B-M-F-D-D-I-C-K-K-K-B-C-C-R, C-D-B-M-D-D-C-L-L-E-F-C-K-D-C-I-F-E-H-C-R, N-D-M-B-M-E-L-F-O-M-G-F-M-I-D-K-C-A-N-C-R, D-G-J-G-M-A-B-F-F-E-K-C-F-F-O-B-E-H-C-B-R, E-A-D-A-G-B-K-F-A-C-K-I-C-G-C-N-F-L-I-F-R, D-B-E-H-F-E-J-H-K-J-C-B-C-J-G-H-B-C-G-I-R, O-H-D-L-E-E-B-B-F-K-C-O-D-C-H-L-D-E-F-K-R, E-D-B-D-I-G-F-L-K-F-K-B-C-C-O-J-M-N-M-A-R, J-D-B-F-K-J-E-F-D-C-E-D-M-C-E-L-D-A-B-C-R, C-D-B-F-K-L-E-C-K-K-J-E-I-C-O-O-F-J-G-F-R, D-J-B-I-M-M-K-D-L-F-F-A-D-H-C-K-C-J-N-C-R, J-G-N-G-K-D-B-N-C-D-F-I-J-K-A-A-C-C-L-M-R, D-C-B-F-D-K-C-C-B-A-E-F-C-F-O-F-H-G-C-G-R, M-D-M-J-B-H-N-F-K-M-C-B-O-C-L-L-G-N-I-L-R, D-J-B-E-F-K-I-J-B-L-A-C-B-N-O-D-C-O-B-C-R, B-H-H-O-D-B-I-F-K-O-C-C-C-N-L-J-C-G-A-B-R, B-K-K-G-D-J-B-F-M-K-C-C-C-B-M-I-E-A-M-B-R, D-B-F-K-J-K-M-N-H-A-E-C-B-J-M-D-C-G-E-J-R, B-F-K-E-A-D-K-A-B-F-G-O-M-K-J-M-C-E-C-C-R, J-B-N-B-G-N-D-B-L-K-D-G-F-F-M-A-D-K-C-C-R, D-G-B-O-N-M-C-O-H-M-L-O-I-O-N-F-K-C-C-G-R, D-B-M-M-G-F-E-L-D-C-K-B-M-C-H-C-C-J-O-A-R, D-E-B-F-K-J-I-E-D-J-E-H-C-A-N-H-G-A-C-L-R, D-B-F-K-I-N-N-M-I-D-I-K-M-L-D-I-A-E-C-C-R, C-D-L-B-D-C-B-F-O-K-I-J-J-D-N-F-M-E-C-C-R, D-B-C-E-D-J-E-F-K-I-I-E-C-M-N-J-C-N-O-L-R, B-D-B-F-F-M-J-K-F-H-H-C-M-M-F-M-F-G-H-C-R, E-O-O-F-D-L-K-D-B-L-D-L-F-H-K-C-H-E-D-C-R, B-D-M-C-I-M-B-B-N-K-L-O-C-F-F-O-K-C-M-C-R, A-O-D-M-D-B-C-N-F-K-E-B-C-I-G-I-I-C-H-F-R, E-A-K-C-J-B-D-M-O-O-E-C-K-H-B-F-K-C-C-G-R, G-D-A-F-F-G-B-C-C-F-D-H-K-B-E-F-C-O-C-C-R, M-D-D-B-E-L-F-K-D-I-F-C-K-C-C-H-A-B-K-D-R, C-D-C-E-B-K-G-F-K-K-H-C-F-O-N-C-A-F-K-L-R, J-N-B-B-F-D-B-L-O-F-K-N-L-A-H-C-K-B-C-B-R, C-E-K-O-D-F-B-K-I-G-F-O-J-K-E-C-J-C-L-F-R, B-E-M-J-D-K-C-F-B-E-F-A-K-C-M-O-C-K-A-G-R, K-N-C-E-D-B-B-F-I-F-K-I-C-K-F-G-C-C-M-E-R, G-D-B-F-K-N-C-H-C-D-A-C-I-I-N-E-K-B-A-C-R, D-B-M-M-F-K-C-B-J-C-C-K-M-K-I-G-E-A-B-B-R, D-B-B-F-K-C-C-C-E-D-D-O-L-L-A-M-M-C-F-I-R, K-C-D-B-K-N-B-F-E-C-I-F-K-E-C-G-I-F-M-C-R, B-D-A-H-B-O-N-F-C-M-H-K-B-I-A-M-E-A-C-C-R, A-M-B-D-B-B-F-C-E-L-C-A-I-K-C-C-L-E-F-M-R, D-K-E-M-J-J-B-F-K-L-C-M-G-G-H-I-I-F-C-D-R, E-D-B-H-D-O-O-F-G-G-K-K-A-M-C-G-C-N-F-K-R, D-J-D-B-G-I-F-D-K-L-F-N-A-A-C-H-A-D-C-C-R, C-M-D-E-B-F-L-A-K-D-N-E-E-B-B-C-D-A-C-B-R]
error_72,[C-D-N-N-C-H-G-F-H-F-D-E-K-N-I-A-H-I-E-M-R, D-N-K-L-H-L-N-G-G-D-N-L-J-A-M-C-M-H-I-E-R, D-C-N-B-C-N-A-D-G-C-H-F-O-G-C-D-L-N-C-G-R, A-D-L-A-N-N-K-G-C-D-D-N-H-N-O-B-F-B-N-F-R, F-D-N-N-G-I-O-G-E-C-D-A-I-N-J-C-L-F-A-H-R, D-M-H-F-N-N-A-K-I-E-C-G-A-H-E-O-G-D-N-A-R, C-K-D-N-N-K-G-E-B-D-K-I-E-N-G-H-B-F-E-B-R, A-D-C-N-H-N-G-A-F-L-D-L-N-A-F-K-C-D-D-J-R, D-F-I-N-N-I-K-K-G-C-G-J-I-J-M-F-D-I-N-I-R, D-H-J-N-O-E-B-C-N-G-I-B-M-L-D-N-M-H-G-N-R, H-D-N-N-I-A-K-G-B-H-D-O-N-C-E-L-K-C-J-C-R, J-C-N-J-D-N-F-N-H-G-M-D-A-O-J-N-K-J-N-E-R, D-F-N-N-G-D-J-K-N-F-C-E-D-D-L-D-C-F-M-N-R, D-O-M-N-G-B-F-N-B-A-L-J-D-M-L-B-I-A-K-N-R, E-E-H-D-O-N-C-O-F-D-K-N-B-D-M-A-G-D-L-N-R, D-N-G-N-G-O-D-K-N-G-F-O-K-A-K-L-B-B-B-E-R, C-D-G-D-N-C-D-E-N-M-G-M-D-K-F-J-F-A-A-N-R, C-O-D-A-F-N-C-O-H-N-H-H-C-G-D-I-H-O-O-N-R, O-D-F-O-G-A-K-N-H-E-N-K-G-K-D-L-A-J-N-C-R, J-C-B-D-N-N-G-O-I-K-L-A-B-H-J-D-J-E-N-E-R, G-D-F-M-N-N-G-D-M-A-N-K-D-D-J-N-F-M-O-A-R, D-G-M-J-F-N-E-B-A-H-N-G-F-D-N-J-G-H-A-O-R, D-M-N-F-D-G-D-N-L-I-A-N-M-F-C-M-M-K-E-K-R, D-A-E-M-J-G-C-C-C-K-N-E-E-K-N-H-J-G-D-N-R, D-M-N-A-G-N-G-A-I-D-L-D-J-I-M-O-F-M-O-N-R, O-D-N-G-N-G-F-I-G-D-F-N-K-J-F-I-I-B-G-C-R, N-D-J-N-H-N-C-G-K-E-F-J-N-J-O-D-M-J-A-N-R, O-E-F-O-D-D-I-A-N-H-B-G-O-N-G-D-D-N-D-J-R, D-C-N-E-E-K-N-O-E-O-B-G-C-F-D-A-O-J-L-N-R, D-D-D-C-O-E-M-A-F-H-N-N-G-O-L-E-B-D-N-K-R, J-M-D-F-K-C-A-M-E-D-N-N-G-D-D-A-N-G-C-F-R, D-A-N-C-M-E-F-N-J-G-G-A-D-K-D-N-M-F-C-D-R, C-D-N-F-C-N-G-M-D-E-N-A-F-K-J-A-D-M-G-D-R, D-C-D-M-F-N-E-N-G-K-G-M-D-J-A-D-N-C-A-F-R, F-F-J-C-D-N-A-N-D-M-K-E-G-G-D-A-D-M-N-C-R, J-D-O-L-N-C-D-N-G-D-N-C-I-O-K-M-G-F-O-B-R, M-N-D-O-E-N-C-B-M-E-C-N-G-G-D-K-N-O-A-F-R, D-O-A-J-F-E-A-N-H-C-L-O-N-K-G-K-K-G-D-N-R, O-J-B-C-G-K-K-A-A-D-E-N-O-L-N-I-B-G-D-N-R, D-C-J-G-O-I-N-F-F-G-N-K-G-G-B-I-F-I-D-N-R, D-J-M-E-F-H-K-G-A-I-N-N-A-G-F-A-D-D-N-M-R, J-E-D-N-G-C-A-E-N-G-J-K-M-C-K-H-C-D-N-E-R, F-D-E-C-N-B-D-K-O-N-G-A-E-L-O-M-H-D-D-N-R, A-D-O-E-J-D-N-N-K-B-G-K-J-H-A-B-M-D-N-H-R, D-H-E-J-N-H-N-G-M-H-J-E-B-M-K-G-E-D-O-N-R]
error_95,[D-I-N-B-O-F-K-N-I-H-L-C-H-B-M-A-A-G-A-E-R, J-K-J-E-J-D-N-O-B-M-A-N-I-L-M-N-C-H-E-M-R, A-F-N-D-G-N-N-K-H-L-M-L-L-C-M-O-B-J-G-J-R, D-N-K-A-A-N-O-L-A-C-M-I-K-G-D-M-K-C-B-E-R, M-D-M-N-N-J-D-L-D-G-A-A-K-A-C-M-E-I-M-D-R, B-D-N-N-K-A-D-J-A-K-E-O-L-C-M-A-E-M-I-F-R, E-C-H-M-H-C-O-E-J-D-G-H-N-N-L-K-E-J-C-M-R, D-K-H-N-O-C-N-I-K-A-M-J-D-O-L-C-M-E-F-C-R, B-B-K-C-C-A-A-O-G-D-K-N-N-J-I-E-L-C-B-M-R, E-N-D-N-N-E-L-E-C-M-B-D-N-F-K-I-A-H-C-I-R, D-C-N-H-D-N-D-O-J-L-N-L-C-B-L-O-C-C-H-M-R, C-E-M-E-D-N-O-E-O-C-N-C-K-O-A-L-C-A-M-D-R, O-D-F-F-J-D-L-A-F-L-K-N-M-N-L-N-G-C-M-C-R, B-D-D-K-N-N-L-C-D-B-E-M-J-A-M-G-A-G-K-B-R, D-I-N-N-I-L-G-G-K-J-E-N-L-N-B-C-D-M-G-N-R, B-D-N-M-K-L-N-I-C-C-L-L-D-M-N-C-C-M-L-I-R, H-D-C-N-N-L-B-C-C-L-D-M-K-N-L-K-K-M-K-N-R, D-N-L-A-N-L-C-M-M-H-N-A-K-A-E-D-G-C-C-F-R, D-J-H-G-N-N-O-A-A-O-L-D-C-G-L-B-C-M-D-K-R]
error_93,[J-H-F-D-F-C-J-A-K-B-E-O-M-A-A-G-O-F-J-K-R, D-M-B-H-D-K-D-B-A-C-A-N-B-G-E-O-A-F-G-O-R, M-H-G-D-F-K-F-B-N-D-A-A-O-O-J-F-I-J-N-B-R, D-K-F-B-I-B-E-G-N-J-A-A-I-C-G-O-F-A-I-E-R, H-D-G-A-I-F-J-B-G-A-C-N-O-M-H-J-A-O-F-O-R, J-D-B-A-N-J-G-C-E-G-A-C-N-O-N-I-J-A-N-F-R, D-B-B-K-D-A-F-A-C-I-L-J-M-G-K-M-O-F-J-I-R, C-B-D-C-G-B-D-A-J-A-B-O-J-N-F-B-L-I-A-I-R, D-A-E-B-G-N-J-E-K-A-N-O-A-O-G-F-A-E-A-A-R, M-N-F-D-I-B-A-K-C-F-K-F-A-N-G-O-J-F-B-E-R, J-F-O-D-O-B-N-O-A-M-O-A-O-F-G-C-E-H-D-D-R, D-E-B-K-A-A-A-G-B-C-O-I-J-N-H-J-I-A-F-M-R, K-K-D-B-M-B-E-H-O-N-E-A-A-O-M-B-B-F-M-M-R, H-D-G-B-A-C-H-K-B-E-A-O-J-O-H-A-E-D-A-F-R, D-O-B-B-A-N-A-C-E-K-I-A-C-F-O-B-D-F-H-C-R, D-D-B-L-C-J-G-A-O-L-B-I-C-D-A-C-K-O-F-K-R, D-E-D-G-M-A-B-N-H-A-G-O-C-B-K-A-B-O-D-F-R, N-J-D-B-E-L-B-A-B-A-J-A-M-O-F-F-I-J-O-F-R, D-M-B-O-B-C-A-M-K-J-A-C-O-N-F-O-M-I-G-O-R, D-C-F-I-B-M-A-F-J-O-C-M-A-O-F-B-A-A-N-D-R, D-E-H-B-I-O-D-N-M-D-A-A-O-G-E-E-M-G-O-F-R, D-C-F-B-A-J-A-G-B-G-I-L-L-O-F-B-C-B-K-M-R, N-B-F-D-C-F-J-A-C-O-B-D-A-A-O-M-M-F-A-I-R, O-G-A-J-D-D-O-I-B-L-L-A-E-M-O-A-O-F-F-I-R, F-N-G-K-A-O-D-L-B-K-E-A-C-A-I-B-O-H-G-F-R, H-F-M-C-J-D-E-B-J-L-B-A-A-I-F-L-J-O-M-F-R]
error_71,[H-D-H-N-C-N-N-G-G-A-C-C-H-B-G-H-H-I-D-M-R, D-K-K-L-J-E-L-H-F-N-E-N-H-N-M-H-G-H-L-K-R, G-A-G-D-N-N-N-O-H-B-F-M-H-J-G-J-D-F-E-A-R, D-L-L-F-G-G-D-N-L-N-H-N-H-I-N-G-H-L-I-L-R, O-D-A-K-I-N-N-C-I-A-E-H-M-M-N-H-J-C-H-F-R, E-E-D-F-E-G-N-D-F-A-F-B-A-N-N-A-C-H-K-H-R, G-D-A-M-F-L-C-N-N-N-A-C-A-B-H-J-A-E-H-G-R, H-D-N-N-B-N-K-O-I-L-L-C-H-H-I-E-D-D-L-J-R, K-G-D-J-N-C-N-C-K-N-A-G-H-F-C-I-H-F-J-G-R, A-C-D-N-H-K-N-C-N-J-M-H-F-I-O-I-H-A-E-M-R, J-H-J-D-H-N-N-K-A-N-C-J-H-E-A-H-C-E-K-B-R, N-D-C-L-C-N-K-A-L-G-H-N-N-J-H-B-J-G-H-M-R, D-O-I-H-A-N-B-N-J-N-L-C-O-H-D-H-M-A-E-N-R, D-G-A-I-C-J-J-I-M-N-N-E-M-N-G-I-L-H-J-H-R, F-A-D-N-H-N-N-F-B-A-O-N-G-G-J-L-H-I-I-H-R, D-D-N-O-D-N-N-K-L-H-J-H-D-G-A-L-O-F-I-B-R, B-J-D-N-A-D-K-E-N-H-N-E-H-H-J-B-J-C-I-G-R, D-H-N-K-L-M-N-C-J-N-J-G-H-C-O-D-H-H-M-K-R, D-N-M-K-C-F-H-O-N-H-K-N-H-H-B-K-H-F-D-K-R, G-B-A-A-D-E-C-I-N-C-M-N-N-M-H-A-O-N-G-H-R, M-D-K-J-A-K-G-F-H-J-K-K-A-G-N-N-N-N-H-H-R, D-L-K-H-N-D-D-G-O-H-N-N-J-H-G-H-K-K-C-A-R, D-M-N-A-C-L-C-N-B-N-O-O-H-K-C-H-O-B-E-B-R, D-H-G-K-D-L-N-C-N-J-H-C-N-H-J-K-H-M-M-O-R, A-O-D-N-N-E-B-N-H-E-B-I-H-C-C-O-G-O-O-M-R, C-D-N-A-B-E-N-N-A-A-H-K-D-H-F-B-K-H-K-H-R, H-F-O-C-O-G-D-A-O-O-D-N-N-N-C-H-I-C-H-H-R, C-H-D-H-L-A-N-N-C-N-C-F-L-L-O-H-H-C-O-J-R, F-M-F-D-O-N-O-N-C-N-G-H-H-N-G-L-M-C-A-I-R, G-D-J-N-G-N-K-J-J-K-N-A-H-H-J-N-F-K-M-M-R, D-K-H-K-N-N-M-O-C-H-N-M-M-H-J-H-C-B-F-O-R, C-C-H-G-B-M-A-D-G-G-H-N-N-C-H-N-H-D-H-I-R, H-O-D-N-E-B-O-N-N-G-M-H-H-F-E-G-I-H-G-O-R, H-E-K-G-O-D-J-I-N-N-C-E-N-M-E-H-N-H-K-G-R, D-E-K-F-N-C-C-O-F-M-H-N-A-N-H-D-D-K-J-H-R, D-I-G-A-J-M-N-A-C-N-K-N-K-H-B-H-N-B-L-H-R, N-D-I-H-N-N-N-H-C-G-H-K-L-A-B-B-M-J-K-A-R, G-D-D-L-N-B-C-G-G-N-D-N-B-I-M-H-K-H-H-O-R, M-N-G-D-E-H-N-N-J-J-K-H-I-J-K-N-M-O-H-H-R, D-E-F-N-N-E-D-N-A-G-E-H-E-B-J-J-G-A-M-H-R, G-D-N-N-B-J-A-N-N-H-D-K-M-D-D-M-H-H-D-G-R, J-K-N-J-O-J-M-E-H-H-D-N-G-M-N-N-I-H-K-H-R, A-E-B-D-N-A-N-C-N-G-M-G-I-H-C-H-M-N-O-A-R, D-J-J-H-L-G-C-C-M-N-N-N-O-H-H-D-K-H-K-M-R]
error_38,[D-A-E-F-I-F-N-M-N-N-L-L-G-O-B-B-F-C-E-J-R, A-D-L-D-M-N-M-L-C-N-A-C-N-F-E-C-A-G-H-K-R, D-N-N-E-I-M-K-H-B-D-C-C-N-I-L-E-F-E-N-A-R, O-K-A-D-G-N-O-O-G-O-N-N-F-E-E-K-O-G-N-B-R, D-I-A-I-I-J-F-J-O-F-N-N-H-O-I-M-N-F-G-E-R, E-C-B-D-D-N-B-N-N-L-F-E-E-L-J-I-N-A-D-H-R, D-J-A-N-M-O-C-E-O-G-N-N-B-B-F-I-I-A-E-B-R, B-D-A-N-C-N-J-H-N-A-L-F-B-K-E-E-A-G-F-C-R, D-K-C-M-N-N-N-B-F-G-L-E-J-J-L-M-O-J-H-B-R, D-N-G-K-L-C-A-K-M-B-G-C-L-N-N-C-F-E-E-F-R, H-D-G-C-N-N-D-N-L-K-K-F-C-D-E-L-G-G-J-K-R, C-H-K-D-K-J-L-N-N-N-F-A-C-M-M-K-F-E-C-J-R, N-D-I-K-J-O-N-F-C-B-E-N-N-O-F-E-K-H-O-A-R, J-M-B-D-G-E-A-E-J-E-N-H-N-H-N-F-G-A-E-D-R, B-H-O-D-M-N-N-N-J-F-G-A-K-E-H-O-K-N-L-M-R, B-D-C-H-N-M-N-N-M-F-C-H-B-L-E-L-N-K-J-L-R, E-E-D-N-A-D-N-O-I-A-N-N-L-B-F-D-G-E-L-I-R, J-M-H-K-D-M-N-L-N-N-J-A-M-F-A-B-E-L-J-A-R, D-J-O-N-C-M-N-A-N-F-O-F-E-C-M-D-A-M-F-B-R, J-G-J-D-N-N-B-C-I-J-N-E-N-I-C-F-E-J-O-G-R, D-D-A-K-E-N-N-H-K-E-N-M-O-A-F-B-C-D-B-E-R, E-C-A-D-K-G-F-K-N-N-N-F-C-F-E-C-D-I-G-C-R, D-N-N-O-N-E-I-E-K-A-G-F-D-E-D-H-B-H-L-L-R, G-M-J-J-D-N-G-O-L-N-H-N-C-N-F-F-E-C-N-F-R, D-A-D-J-M-J-N-B-D-H-A-N-J-N-F-D-B-E-G-L-R, H-G-J-A-D-L-N-N-K-O-N-O-F-K-D-A-C-K-E-G-R, J-D-E-N-N-N-F-E-B-F-B-B-N-D-O-G-J-H-M-O-R, D-C-A-N-O-N-N-J-N-F-D-N-N-I-M-M-E-H-I-F-R, O-A-D-N-H-G-A-N-H-H-N-C-F-B-M-E-I-K-K-G-R, B-D-E-J-N-G-M-E-N-E-C-B-B-E-C-H-N-F-E-I-R, M-N-O-E-F-C-K-D-L-I-O-N-N-N-F-M-K-B-N-E-R, F-C-G-F-D-K-D-L-H-O-N-O-A-C-G-N-N-F-E-J-R, D-J-H-N-B-N-N-F-K-H-E-K-O-M-L-O-N-A-M-G-R, K-D-G-K-J-D-L-N-D-C-N-N-K-G-F-H-G-E-L-C-R, D-N-C-M-K-G-N-N-F-A-D-E-A-I-H-H-G-A-E-O-R, H-D-N-M-N-J-C-A-J-B-N-O-O-F-A-I-C-A-B-E-R, G-D-L-L-D-E-N-N-A-I-N-E-F-E-O-D-B-A-I-N-R, H-F-D-A-K-K-N-N-E-N-J-N-J-O-M-B-M-L-F-E-R, J-D-D-M-C-F-C-N-D-D-N-N-F-K-N-L-F-G-E-D-R, F-H-D-E-N-F-N-N-A-C-A-G-F-H-A-B-E-E-K-D-R, F-D-N-N-I-B-K-J-N-F-A-E-C-N-O-H-K-O-O-E-R, J-D-N-F-H-O-N-A-E-N-M-O-M-C-F-H-C-F-E-D-R, K-D-J-A-K-I-N-O-A-N-E-N-B-B-A-I-F-C-E-C-R]
error_16,[C-N-I-G-B-E-C-G-K-O-C-I-M-K-G-A-N-I-L-K-R, K-I-B-L-E-F-C-K-G-A-F-K-M-E-K-H-C-A-J-I-R, A-E-I-L-F-G-E-G-J-B-I-M-K-E-C-K-B-G-C-A-R, C-C-N-H-I-I-B-K-A-D-C-B-K-C-G-D-F-A-E-N-R, A-A-J-I-B-I-O-C-F-L-O-J-O-C-B-M-K-E-G-A-R, I-B-C-M-I-K-H-I-G-D-A-A-C-B-B-E-F-J-M-A-R, I-L-B-D-G-M-L-A-E-I-O-C-K-G-H-A-O-D-H-C-R, G-F-B-I-I-K-J-B-I-K-O-I-C-F-F-K-N-B-G-A-R, N-J-M-I-B-C-O-M-G-K-E-G-F-I-A-D-L-B-D-K-R, C-I-B-C-C-G-C-F-E-G-L-G-F-C-B-O-K-G-A-F-R, A-I-I-B-D-C-B-E-K-K-N-O-B-D-G-A-M-J-O-A-R, K-C-I-M-O-L-D-L-B-M-C-K-D-G-A-M-F-L-E-I-R, F-N-N-I-D-O-J-B-D-I-I-C-L-L-N-C-K-G-C-A-R, I-B-A-G-D-C-F-K-E-E-N-G-J-O-C-A-O-G-O-B-R, M-I-F-B-M-C-I-I-K-D-G-O-N-D-D-A-C-E-J-A-R, G-I-M-M-B-A-C-C-K-D-H-O-G-D-E-A-D-O-H-O-R, C-H-E-H-J-I-B-L-C-G-K-M-G-H-A-A-O-N-H-E-R, O-B-I-C-B-O-K-C-L-K-D-G-L-D-D-J-A-C-F-A-R, J-I-B-A-E-C-K-N-G-A-B-F-D-E-O-I-I-A-G-F-R, G-G-E-F-B-I-O-B-L-E-C-O-I-K-G-L-I-L-H-A-R, M-H-C-I-J-B-L-C-O-F-K-B-F-B-O-M-G-A-D-N-R, G-N-E-A-I-E-D-C-B-C-N-L-B-J-K-G-A-N-L-C-R, K-I-C-B-E-O-C-J-F-C-K-E-K-E-G-L-A-G-E-J-R, F-J-K-I-E-F-B-K-C-K-G-C-M-A-D-E-H-K-J-I-R]
error_15,[D-H-E-K-H-I-B-B-M-E-F-A-H-I-K-N-O-I-J-O-R, N-D-B-J-H-K-E-L-F-O-F-I-A-G-K-M-I-O-J-K-R, D-B-F-K-B-O-O-A-D-E-N-M-G-H-M-D-D-B-A-J-R, A-C-O-F-B-D-L-G-B-G-B-F-K-H-O-J-N-N-L-G-R, O-D-D-E-A-B-M-H-F-K-A-B-O-E-J-A-B-L-K-A-R, J-E-G-B-A-D-B-I-B-J-F-C-K-M-N-D-O-N-J-O-R, O-O-K-D-B-K-F-C-C-H-I-G-E-H-K-N-J-O-G-J-R, D-I-B-F-C-F-D-K-I-B-O-M-E-L-D-N-J-I-O-O-R, B-D-B-D-N-E-B-H-O-J-L-H-F-A-K-O-A-I-J-J-R, D-H-O-L-E-D-O-B-E-L-N-F-D-G-H-K-I-O-A-J-R, J-O-O-D-B-L-J-F-L-K-A-L-J-F-A-O-L-G-D-J-R, O-E-K-D-C-M-B-N-D-I-B-L-C-D-K-B-F-K-O-J-R, C-N-C-D-B-E-F-M-K-A-O-J-D-D-H-K-J-A-H-I-R, G-K-J-A-G-H-D-O-C-H-B-K-C-F-I-H-K-O-J-N-R, D-B-F-I-C-I-K-F-N-O-L-O-D-O-I-J-D-M-B-E-R, D-M-D-B-F-E-E-H-K-O-C-D-O-H-H-J-E-N-F-I-R, A-J-A-O-D-B-F-I-I-K-O-M-H-L-H-F-F-M-J-E-R, K-G-J-J-F-E-D-J-I-F-B-J-F-K-O-N-K-J-F-A-R, D-B-F-M-K-E-M-O-J-F-D-N-I-M-B-D-K-C-K-H-R, D-B-H-M-G-F-E-K-L-L-M-O-H-A-B-N-J-N-A-K-R, O-N-C-D-J-B-G-B-E-K-L-F-J-K-O-D-J-E-D-J-R, F-N-N-H-A-E-O-O-E-D-M-M-D-B-F-K-O-F-J-A-R, D-D-B-G-H-F-K-J-O-M-H-I-I-J-L-K-K-O-G-M-R, O-C-M-J-F-D-F-B-F-A-K-D-O-A-O-J-C-A-E-B-R, D-E-E-K-L-B-L-K-I-K-H-O-F-I-K-O-L-F-J-G-R, A-J-G-J-D-K-F-B-K-I-F-J-F-K-O-E-F-N-J-J-R, H-O-J-F-D-L-B-O-F-M-E-M-K-L-O-K-L-A-L-J-R, D-J-O-G-K-M-B-E-H-F-G-K-K-F-M-E-H-O-J-N-R, D-B-F-K-I-N-B-O-N-I-K-K-N-J-I-E-A-G-M-E-R, F-A-J-G-D-E-B-F-K-O-J-F-K-J-J-J-F-N-K-I-R, D-A-I-K-G-B-L-B-K-F-K-O-E-B-L-M-G-D-F-J-R, G-D-C-B-J-H-N-C-F-D-D-O-K-I-K-O-D-J-D-C-R, E-E-A-F-D-B-F-J-I-K-F-D-O-O-J-N-J-B-O-F-R, C-D-J-B-K-K-N-K-F-I-M-K-D-H-O-J-C-G-M-A-R, E-D-F-E-C-F-F-F-O-B-F-D-K-D-A-I-O-D-G-J-R, J-D-A-H-H-A-B-H-N-G-I-F-H-M-L-K-D-O-J-K-R, K-D-K-I-G-O-G-I-C-B-N-G-F-K-O-G-G-A-J-A-R, A-D-B-F-K-H-O-A-M-K-B-O-D-A-L-E-B-E-A-J-R]
error_34,[E-D-G-J-B-I-N-A-A-L-L-E-H-C-N-B-C-M-B-L-R, A-D-E-G-B-A-A-F-H-M-J-J-K-D-F-C-N-A-H-D-R, E-O-B-F-H-D-D-B-A-A-N-E-D-M-D-K-E-B-H-M-R, G-N-J-D-O-B-M-C-O-E-A-A-H-G-K-F-C-M-O-G-R, N-N-D-B-I-O-E-K-A-A-K-C-E-H-F-M-K-E-B-G-R, H-D-A-B-O-M-B-A-A-I-H-E-C-L-M-L-F-H-B-A-R, K-B-E-H-D-B-O-K-I-O-M-A-A-F-H-M-A-D-O-I-R, B-B-D-H-C-C-F-C-I-H-K-C-B-B-A-E-A-H-M-C-R, D-H-B-A-A-C-K-L-L-F-B-M-H-E-H-K-L-L-I-M-R, H-B-M-D-D-K-C-L-I-L-K-E-B-A-N-A-C-E-H-M-R, N-M-D-B-G-H-I-A-A-H-I-N-M-F-M-A-K-G-F-K-R, N-C-D-I-C-B-A-E-A-I-M-K-A-F-H-E-D-L-M-G-R, J-D-B-B-G-O-A-A-K-H-M-O-N-F-E-L-O-K-C-E-R, N-H-N-D-E-D-K-B-I-L-A-B-O-A-H-J-M-H-N-I-R, D-E-K-K-B-K-A-F-A-A-K-A-N-F-H-I-M-O-D-O-R, C-B-D-B-A-M-O-F-G-C-B-A-B-H-M-G-J-I-B-K-R, H-K-N-H-C-A-A-D-C-F-B-A-C-K-M-A-L-K-H-M-R, M-O-D-B-E-H-A-K-F-A-H-K-M-I-J-D-B-N-E-A-R, K-A-C-D-I-B-A-A-C-N-G-B-C-A-H-C-N-M-B-D-R, A-D-H-B-D-H-G-A-A-M-N-C-N-K-H-K-M-I-F-H-R, J-N-D-I-B-A-E-B-E-A-B-H-I-L-N-G-I-L-M-B-R, E-D-A-B-K-D-G-L-O-I-H-M-A-F-B-A-H-I-M-D-R, A-D-M-L-A-F-B-N-M-A-E-O-O-B-A-H-B-J-M-K-R, J-D-B-C-D-L-I-H-D-M-G-N-O-B-K-J-A-A-H-M-R, G-H-K-C-D-D-B-L-L-D-A-E-A-F-N-I-H-F-M-B-R, D-K-L-E-O-B-A-H-G-A-M-F-H-F-F-M-G-B-E-I-R, N-H-J-B-A-D-B-A-A-G-L-H-B-M-A-A-L-D-J-I-R, D-B-E-A-J-G-A-F-C-F-N-E-A-E-B-C-H-J-F-M-R, C-J-O-D-K-C-B-C-E-B-A-M-A-C-I-H-F-N-K-M-R, D-L-G-C-F-H-F-K-B-A-H-G-A-A-J-H-M-D-K-A-R, O-N-A-N-D-B-L-A-G-F-B-A-H-L-A-D-K-M-O-E-R, A-K-D-F-M-I-B-L-J-A-A-H-K-C-M-O-N-F-H-D-R, E-A-B-D-K-B-J-E-A-M-A-E-E-H-C-A-F-M-L-H-R, D-A-B-H-A-F-A-M-H-E-B-L-H-L-C-A-M-O-B-I-R, C-A-D-F-E-O-M-E-B-A-G-N-A-F-H-D-E-N-M-O-R, G-N-D-K-B-A-A-L-C-F-H-M-L-N-H-I-O-J-O-E-R, D-O-H-B-A-C-N-C-A-B-G-C-G-I-H-A-I-L-G-M-R, D-I-F-B-I-B-G-E-A-A-H-E-L-M-J-H-A-C-C-E-R, M-D-I-L-L-J-D-K-B-O-M-A-E-H-E-A-K-L-H-M-R, B-D-C-B-A-N-A-H-H-E-L-J-K-D-A-I-J-M-D-M-R, D-D-B-C-A-G-K-O-A-B-C-J-B-C-K-H-M-J-K-L-R, D-B-J-G-L-A-N-A-B-G-H-D-C-G-M-N-O-L-C-A-R, D-B-I-H-B-L-G-O-N-I-E-A-F-E-A-B-H-M-F-O-R, G-D-J-E-G-O-B-M-B-A-A-J-E-L-A-E-H-B-M-L-R]
error_12,[N-H-C-M-B-D-J-D-A-B-M-G-D-F-J-A-K-G-C-K-R, D-E-B-H-F-I-I-F-K-G-O-K-F-L-D-L-C-E-G-E-R, H-D-G-K-B-L-I-F-K-F-K-G-N-M-A-J-I-K-C-B-R, M-D-B-J-I-F-G-K-B-N-G-K-A-B-J-F-L-M-E-N-R, J-D-B-I-F-C-A-K-N-E-G-M-L-N-F-B-E-C-K-E-R, D-B-H-E-F-O-I-K-I-K-E-F-M-F-D-G-K-I-G-C-R, D-B-D-D-E-C-B-F-C-K-G-M-E-C-A-K-K-F-D-G-R, D-B-E-F-H-K-M-B-N-A-F-M-I-F-G-C-K-N-I-C-R, D-I-E-B-L-F-K-E-G-E-C-E-A-K-N-O-M-M-H-D-R, E-N-K-O-D-B-J-C-O-F-H-K-H-G-I-B-G-C-N-K-R, D-B-L-L-J-C-M-D-F-D-K-G-K-B-K-M-G-K-C-M-R, M-D-L-D-J-B-G-H-N-F-F-C-K-G-K-M-L-G-M-N-R, B-M-A-K-D-B-F-C-K-B-M-G-E-M-J-I-C-K-C-B-R, M-A-B-K-F-D-G-B-B-J-F-L-O-K-F-L-L-A-G-K-R, A-C-D-L-M-M-L-E-K-B-F-K-G-A-K-F-B-A-O-A-R, O-K-D-B-O-F-C-A-H-G-K-G-M-G-F-K-N-C-D-E-R, H-D-B-E-F-K-D-G-G-K-O-N-O-B-J-I-D-G-G-F-R, A-C-D-B-F-K-G-A-K-G-L-H-G-L-E-H-B-G-K-C-R, A-E-O-D-B-L-F-F-L-K-G-K-M-I-K-N-N-K-D-E-R, M-O-B-D-K-B-F-G-L-K-B-L-G-A-K-A-F-L-J-F-R, D-L-G-B-O-F-K-G-H-M-I-J-J-F-I-B-K-E-C-E-R, G-D-E-B-N-K-I-C-N-B-H-F-E-E-K-D-G-K-N-B-R, D-J-B-E-I-F-O-K-D-N-G-O-K-F-L-E-N-K-O-A-R, D-G-C-B-E-K-F-A-K-A-D-D-G-N-H-C-O-F-K-J-R, D-K-B-K-H-D-N-F-M-I-C-K-J-M-G-C-A-K-J-O-R, G-C-D-I-M-E-O-M-F-B-F-K-G-A-N-C-E-H-M-K-R, E-D-H-G-K-K-M-L-B-I-F-J-J-K-G-L-F-B-B-K-R, N-D-L-D-H-B-F-G-K-B-G-F-N-H-F-F-M-E-O-K-R, B-B-D-B-F-K-G-E-K-E-G-L-L-H-O-B-E-M-B-B-R, D-J-D-C-B-I-F-H-I-O-M-K-G-H-A-E-K-G-N-O-R, G-J-D-B-D-N-G-E-F-G-O-F-J-K-G-K-O-N-M-N-R, F-D-H-L-B-C-E-J-K-H-F-K-I-G-K-N-C-L-N-M-R, G-D-K-E-G-B-F-C-I-G-O-K-J-G-F-K-L-E-J-B-R, K-C-J-D-K-B-L-C-C-F-K-F-K-G-B-I-K-K-B-I-R, B-E-D-I-J-B-F-K-G-K-I-A-D-H-D-G-J-E-K-O-R, N-A-D-B-O-F-K-K-L-D-N-G-O-E-B-K-G-N-B-G-R, F-E-F-J-K-B-J-D-A-A-B-F-C-K-G-B-L-L-M-K-R, M-B-N-D-I-M-A-E-I-D-H-F-C-B-F-D-K-J-G-K-R, D-O-A-E-E-B-C-O-H-L-F-J-K-G-K-I-I-I-N-I-R, M-D-F-F-G-J-B-F-L-O-A-L-K-B-A-G-B-K-L-K-R, O-G-O-O-D-M-B-K-K-J-F-O-K-H-G-K-C-N-C-L-R, M-D-C-L-D-M-E-O-J-B-I-F-D-I-K-G-B-E-K-M-R, D-F-J-B-J-K-J-F-F-K-E-G-A-J-I-O-K-F-J-N-R, E-O-D-H-L-B-F-F-H-J-D-D-D-K-M-E-K-G-K-B-R, C-D-L-B-E-E-F-L-C-H-O-I-H-K-G-L-K-K-D-K-R, D-F-B-F-H-K-M-B-L-A-G-O-N-E-E-C-I-K-M-N-R, D-H-K-A-J-J-B-O-F-L-E-L-I-K-D-K-G-F-K-A-R, G-B-G-A-D-B-F-G-E-K-I-H-G-E-M-O-J-K-M-N-R, K-H-D-B-J-B-J-I-F-K-G-K-H-N-G-A-N-I-F-I-R, J-G-G-D-D-E-E-G-L-B-F-A-K-L-G-K-F-G-A-L-R, D-L-K-E-I-H-G-B-M-O-F-G-E-K-E-G-K-O-H-N-R, D-B-O-J-O-C-F-K-G-B-K-J-J-L-N-O-B-D-B-G-R, E-G-D-A-J-H-H-B-H-O-F-O-K-D-N-G-G-K-E-J-R, D-E-H-G-G-C-B-O-N-C-K-D-F-K-G-A-O-F-M-K-R, D-B-F-K-I-G-A-B-F-O-K-O-D-I-J-N-C-I-I-J-R, D-F-L-E-L-G-G-G-E-A-D-G-B-F-A-K-J-G-K-L-R, D-B-I-N-J-K-H-M-E-L-F-K-K-I-G-A-K-D-G-H-R]
error_78,[K-D-A-B-O-C-K-L-K-A-I-O-J-O-A-H-J-J-D-B-R, O-D-A-B-A-M-N-I-C-O-J-K-G-I-A-D-B-B-E-K-R, B-C-H-C-C-J-G-O-D-B-M-B-J-A-I-C-O-A-B-O-R, D-B-L-E-A-C-C-I-O-N-A-N-L-B-B-G-M-C-C-M-R, M-F-D-F-G-B-B-A-L-C-D-I-I-K-I-A-H-L-B-K-R, D-D-I-I-K-H-D-B-I-O-A-M-I-A-N-I-H-B-D-J-R, J-B-M-E-D-B-G-A-K-B-J-I-N-A-C-M-F-D-D-B-R, D-D-B-A-J-K-N-C-I-A-H-J-M-E-L-B-H-M-A-D-R, J-A-H-F-D-H-F-B-A-K-N-I-G-A-B-L-N-F-G-I-R, D-B-E-A-I-L-J-K-K-A-H-E-D-I-H-D-M-B-H-F-R, O-D-B-E-A-N-I-A-B-L-I-I-D-K-I-K-M-I-B-C-R, N-G-C-D-O-B-N-L-B-C-A-C-E-I-M-C-L-A-B-M-R, O-D-B-A-N-O-E-H-B-K-I-J-G-A-G-B-H-E-N-A-R, M-D-B-I-G-E-A-H-B-G-I-A-F-D-J-M-F-B-E-E-R, N-N-E-O-E-K-D-E-H-B-K-A-G-I-F-A-M-C-B-K-R, J-D-B-D-K-B-B-A-M-F-I-J-F-F-A-H-B-B-I-C-R, C-M-H-M-C-C-K-G-H-D-K-B-O-E-B-A-I-B-A-B-R, A-F-D-I-B-J-N-K-A-N-I-A-F-M-D-M-I-D-B-K-R, F-D-B-O-I-H-D-E-A-E-G-O-I-O-B-A-F-L-B-C-R, H-K-D-D-B-A-B-O-F-O-I-E-A-B-C-N-C-C-A-F-R, J-J-G-J-G-D-I-J-A-G-B-G-D-K-A-I-L-A-E-B-R, C-G-B-C-D-O-F-B-N-N-A-I-L-A-N-B-G-F-O-H-R, E-D-B-J-A-I-B-L-M-A-B-K-B-I-A-F-N-O-A-G-R, O-N-D-L-B-M-B-H-A-C-I-J-J-A-H-N-B-E-O-C-R, B-D-C-O-E-O-B-M-A-N-I-A-H-H-J-C-N-B-L-J-R, O-D-E-H-B-M-N-A-O-O-N-N-B-K-N-K-I-F-A-B-R, C-F-B-B-K-B-D-D-B-N-I-D-K-A-J-M-I-A-H-B-R, M-K-J-D-A-C-B-H-N-A-N-C-F-G-E-I-A-N-B-E-R, E-C-O-J-N-D-D-B-E-J-D-I-K-E-H-A-I-A-B-A-R, A-F-D-J-C-F-B-M-A-I-A-B-O-N-O-F-M-A-C-D-R, C-D-B-M-O-G-B-L-C-N-N-A-M-I-A-C-L-B-E-C-R, D-J-F-G-F-J-O-H-B-O-N-M-D-A-K-I-N-A-F-B-R, D-I-I-K-I-E-L-I-G-B-D-G-A-F-I-G-B-I-A-B-R, F-E-D-B-G-D-H-A-I-A-B-K-A-M-H-L-M-I-D-O-R, E-O-D-M-E-E-B-A-I-F-A-B-N-I-D-K-F-O-L-M-R, F-M-G-D-C-J-B-O-A-N-I-M-A-J-B-C-O-A-M-C-R, D-K-E-B-J-G-G-I-A-I-O-M-B-J-O-A-H-M-N-B-R, E-K-N-H-J-D-E-B-O-O-A-G-B-I-N-A-B-G-H-A-R, D-C-J-H-I-H-B-B-E-K-G-C-O-C-C-A-I-A-B-J-R, A-D-F-B-I-M-I-K-C-A-G-I-B-C-A-H-J-E-M-B-R, D-B-A-K-I-N-J-J-G-E-N-H-A-D-O-A-G-B-O-M-R, O-C-G-B-H-C-H-M-M-D-B-B-C-A-K-E-K-I-A-B-R]
error_35,[A-C-N-F-D-J-L-A-D-N-J-E-H-A-E-A-L-D-E-E-R, H-D-N-A-C-J-J-M-D-I-B-A-K-G-I-A-L-I-B-L-R, G-O-D-N-B-J-A-B-D-K-G-A-J-F-D-L-I-G-B-N-R, K-D-N-C-L-A-J-N-D-E-A-A-L-A-J-F-A-F-O-E-R, F-N-M-J-B-F-B-D-N-L-B-H-J-A-M-A-C-G-F-L-R, D-K-N-J-L-O-K-L-C-A-J-M-O-B-N-F-L-A-E-L-R, D-O-N-M-G-J-I-B-M-L-H-O-C-A-B-A-O-L-D-I-R, K-D-M-N-H-A-H-C-K-J-A-A-I-F-B-L-C-A-H-O-R, O-H-G-F-A-E-C-K-D-G-N-J-H-A-B-H-N-A-J-L-R, C-G-M-E-M-D-K-O-E-D-O-N-J-J-E-B-A-A-L-C-R, H-C-D-O-N-B-H-J-C-L-E-A-C-F-A-I-B-L-H-D-R, D-L-N-J-A-A-D-J-D-B-F-I-L-F-O-J-H-N-M-M-R, D-N-K-J-A-C-O-A-G-E-L-G-K-N-F-N-H-O-K-D-R, D-E-O-N-O-A-O-H-E-J-L-A-N-F-A-L-C-G-O-J-R, G-C-D-N-J-N-H-D-K-A-A-L-A-F-D-D-N-F-L-C-R, D-N-E-J-O-A-O-B-G-H-O-D-J-N-K-K-M-H-A-L-R, O-D-M-G-N-J-A-L-D-D-H-K-G-O-N-C-A-L-C-B-R, N-D-N-E-E-A-D-J-A-E-L-C-E-A-F-L-J-H-A-D-R, D-E-A-N-J-H-L-N-A-A-E-L-A-D-J-E-D-F-E-C-R, J-A-G-O-D-D-N-J-H-J-H-A-B-N-A-G-M-L-J-F-R, D-N-H-B-J-A-L-O-F-G-K-I-C-J-K-A-L-C-O-O-R, O-N-B-A-D-N-J-O-A-F-N-L-J-A-B-L-L-J-D-J-R, H-K-B-D-E-L-D-N-O-A-L-L-H-J-A-E-A-C-E-L-R, K-B-M-D-C-I-F-F-I-N-A-J-A-J-O-B-F-E-A-L-R, B-C-E-D-F-E-C-K-N-J-E-J-A-K-L-A-K-L-O-O-R, H-G-D-E-I-C-O-N-B-J-E-I-I-L-A-L-L-A-L-J-R, D-D-A-D-C-N-E-E-J-E-A-E-A-L-F-J-A-N-H-L-R, H-D-A-H-M-N-O-J-A-J-F-N-I-A-O-F-E-L-D-E-R, K-J-F-N-F-A-M-K-D-N-G-J-E-M-J-I-A-A-L-B-R, F-K-D-N-J-N-A-J-O-M-M-A-K-L-B-J-L-G-K-O-R, D-G-N-C-M-L-C-L-A-J-O-M-A-H-O-C-A-L-K-O-R, D-C-E-K-H-C-G-N-D-A-H-J-A-O-A-B-D-L-F-C-R, J-J-H-N-H-D-E-N-B-J-A-N-D-G-F-J-A-K-L-F-R, G-O-D-L-C-N-O-M-C-O-L-M-C-A-H-J-A-K-A-L-R, A-D-N-O-D-O-D-D-E-D-J-A-B-G-B-A-I-L-L-F-R, D-L-L-N-C-J-A-D-C-B-H-I-A-L-M-L-B-F-I-J-R, B-C-D-I-N-H-C-K-J-A-K-K-F-G-O-E-E-A-L-C-R, H-O-D-E-M-L-L-N-J-H-I-D-A-M-A-K-L-E-F-L-R, D-G-K-N-J-A-A-D-L-M-H-G-J-G-I-G-C-L-B-N-R, O-M-E-N-D-J-I-N-J-A-A-B-K-E-K-C-B-B-L-K-R, K-D-G-J-E-N-C-H-K-J-A-H-A-L-D-L-D-B-O-E-R, G-K-D-M-N-G-C-L-B-C-F-J-M-B-D-L-A-A-F-L-R, D-O-N-M-D-J-E-B-O-M-J-L-L-K-J-A-A-B-L-O-R]
error_7,[D-I-G-J-L-C-E-L-F-O-H-H-B-A-I-D-H-I-D-N-R, D-B-G-A-I-E-N-E-C-D-E-F-I-I-G-O-D-C-K-F-R, C-D-B-J-H-E-B-C-A-I-D-D-B-L-D-M-L-C-B-A-R, D-B-A-E-I-E-I-D-C-N-E-N-D-N-I-A-G-F-K-H-R, D-E-B-B-K-H-L-A-K-I-D-D-M-A-E-F-J-H-H-I-R, K-D-G-K-A-H-E-K-B-A-K-I-D-E-H-E-D-B-I-F-R, O-E-E-D-H-L-G-L-B-A-N-N-I-D-N-H-D-E-K-F-R, D-L-B-C-A-C-F-E-K-H-C-M-I-D-B-K-F-K-D-D-R, D-B-K-H-M-D-D-M-A-I-M-F-M-I-O-H-O-O-D-D-R, D-H-B-A-C-B-H-I-M-L-J-G-E-E-D-J-K-N-I-D-R, O-D-D-A-B-A-G-I-C-K-D-I-G-F-J-F-G-M-D-I-R, H-D-L-B-N-G-N-H-J-L-O-D-A-I-K-N-F-D-O-D-R, H-D-I-M-M-G-J-B-A-N-B-K-I-E-D-F-C-K-F-D-R, D-C-D-G-A-B-K-C-D-A-J-E-E-E-J-I-D-D-H-N-R, D-C-B-C-K-J-M-O-M-K-C-E-A-I-D-K-A-D-D-K-R, D-E-B-A-K-I-D-C-E-I-I-K-B-D-O-F-J-H-C-L-R, D-B-L-A-I-L-I-I-E-I-O-D-I-G-J-D-H-A-H-F-R, K-O-N-D-O-G-G-F-H-B-A-N-B-I-D-I-J-O-D-I-R, B-N-B-D-C-K-O-D-I-B-I-J-L-A-K-I-J-D-D-I-R, D-C-M-J-F-B-G-M-A-I-D-D-M-J-H-O-K-I-D-F-R, D-O-I-B-A-E-B-G-I-D-N-K-N-O-F-D-B-A-J-I-R, F-H-D-O-D-B-M-A-O-I-M-D-K-O-D-I-M-D-H-M-R, D-G-B-G-A-C-M-J-J-E-G-N-E-I-C-N-B-D-D-B-R, D-G-K-B-H-J-N-M-C-A-I-D-G-E-O-C-C-D-I-D-R, D-G-I-M-M-I-K-H-K-B-M-A-I-K-I-B-I-D-D-I-R, D-E-M-H-B-A-I-I-O-L-F-F-M-K-F-D-O-C-D-E-R, H-D-O-K-B-E-A-M-H-J-I-E-B-D-A-M-F-I-H-D-R, G-F-J-K-K-D-B-I-A-I-N-D-I-H-E-M-M-O-D-K-R, D-B-B-E-J-K-K-E-M-A-B-I-K-I-K-D-K-D-F-G-R, G-C-D-K-O-E-B-K-E-A-H-I-F-K-B-L-D-D-F-M-R, D-L-I-E-B-L-N-K-H-O-A-I-M-L-D-F-K-H-D-J-R, D-C-L-F-H-J-O-B-I-J-D-A-I-G-I-B-D-J-D-F-R, D-B-K-H-M-C-A-G-C-E-F-I-D-M-C-D-O-C-H-A-R, D-B-K-A-C-I-D-D-B-A-K-B-J-B-M-H-I-B-N-F-R, H-D-M-K-I-I-I-B-M-A-G-K-I-D-K-B-I-M-D-I-R, J-O-D-I-O-A-C-O-G-K-B-L-H-M-A-C-I-D-D-E-R, M-D-B-M-H-N-M-A-I-D-N-A-D-C-G-H-D-M-N-C-R, M-J-A-H-H-D-B-E-K-G-M-E-A-N-I-D-C-N-H-D-R, D-B-B-M-I-I-A-N-I-D-I-H-H-D-J-K-I-A-O-D-R, J-H-B-O-E-B-A-D-B-O-M-A-I-N-I-G-K-J-D-D-R, O-M-D-F-E-H-G-B-A-N-G-E-I-D-O-M-D-O-E-A-R, C-D-B-H-L-K-D-J-M-L-A-C-J-I-G-G-L-I-D-D-R, A-D-G-B-O-D-A-E-B-N-M-J-F-I-D-H-I-G-G-D-R, D-B-A-J-K-I-C-J-B-L-D-H-C-O-M-D-I-J-O-A-R, C-D-B-A-I-M-M-O-L-D-C-D-B-L-C-F-C-K-E-F-R, J-D-K-C-B-G-M-C-G-A-I-D-K-F-I-D-N-E-N-C-R, H-D-B-A-I-E-M-G-C-L-D-E-D-F-I-K-K-B-O-F-R, H-D-O-A-J-D-B-A-K-H-M-I-I-D-N-I-I-D-I-B-R, J-M-D-E-B-M-N-G-J-A-F-M-J-I-D-E-C-G-D-E-R, F-D-H-G-B-I-I-A-I-D-A-B-J-G-J-D-C-L-F-E-R, D-B-H-G-A-M-M-O-I-K-C-F-D-M-J-I-D-D-F-J-R, O-J-C-K-B-D-L-B-K-D-N-I-I-I-J-A-I-B-D-D-R]
error_90,[O-E-M-I-J-F-L-K-B-C-K-F-O-K-A-D-F-L-J-E-R, A-O-I-G-C-B-C-K-M-F-A-M-A-D-L-J-B-N-K-N-R, F-K-N-N-F-I-B-A-M-M-H-O-C-I-G-I-K-L-J-O-R, F-M-C-J-H-E-I-B-C-F-K-L-E-J-E-N-F-D-K-F-R, O-N-M-I-D-B-E-M-C-C-K-L-B-B-E-K-B-E-J-C-R, B-I-I-K-D-E-K-M-O-B-E-K-A-L-C-K-L-M-J-H-R, I-K-C-B-A-M-D-M-C-L-K-L-H-I-M-J-I-A-E-M-R, G-I-D-B-C-J-M-K-C-I-F-L-H-M-J-C-N-O-F-A-R, I-B-K-C-O-C-K-O-E-O-H-E-B-K-C-O-L-M-J-A-R, A-C-K-G-H-I-O-E-B-K-C-C-K-F-L-E-N-J-A-D-R, F-I-B-E-H-K-C-I-B-L-E-E-B-C-K-D-L-J-M-D-R, O-N-F-B-I-E-B-C-O-L-K-O-F-O-N-L-J-F-N-H-R, N-B-I-O-K-J-G-E-I-B-G-C-K-L-J-F-O-E-K-C-R, H-C-I-D-O-L-B-E-C-K-L-G-K-N-J-H-G-F-I-D-R, N-E-H-G-I-B-I-C-J-K-L-E-B-E-J-J-E-M-K-N-R, C-O-K-H-I-F-B-C-K-L-J-L-I-H-L-G-C-E-N-F-R, O-A-G-E-N-N-F-I-B-C-K-F-O-L-C-B-K-E-C-J-R, C-I-B-O-E-C-K-F-G-C-G-D-K-M-H-L-C-J-L-J-R, E-I-E-D-M-O-O-B-C-K-H-O-L-J-L-D-A-O-J-J-R, I-M-O-I-K-J-M-B-M-C-M-L-B-K-L-L-M-J-E-I-R, I-K-I-B-D-C-K-M-F-O-D-L-J-F-A-B-G-A-M-J-R, M-O-F-E-I-B-C-K-N-C-M-M-B-J-H-L-L-M-J-N-R, N-C-F-F-E-M-I-E-B-C-L-K-J-F-H-E-L-A-F-J-R, I-E-E-B-A-O-G-C-J-K-D-D-H-L-J-C-H-E-H-H-R, I-M-I-I-I-C-B-D-L-F-D-M-M-C-K-L-B-J-L-K-R, C-E-I-B-E-C-K-O-O-J-D-N-O-E-F-B-L-J-A-B-R, I-B-F-C-C-G-C-K-L-N-M-A-J-F-D-M-J-O-I-H-R, I-B-C-K-C-F-E-L-N-E-J-J-K-L-A-D-O-E-E-C-R, I-G-B-G-C-O-K-I-L-H-J-N-M-K-G-M-J-K-F-A-R]
error_8,[D-I-C-C-I-N-D-N-D-B-J-O-N-J-C-D-C-G-E-J-R, G-C-D-N-N-J-D-J-J-B-N-D-D-C-I-O-C-C-E-I-R, D-O-M-D-D-G-I-L-K-N-A-N-E-N-D-B-E-I-M-F-R, H-C-D-M-K-J-O-N-K-O-M-O-N-H-C-B-N-D-E-L-R, J-E-J-K-D-F-N-B-D-F-C-M-N-N-M-C-D-O-E-L-R, F-C-D-N-C-C-G-K-K-E-F-C-G-F-N-A-N-D-I-E-R, D-K-L-A-L-N-H-F-N-E-I-J-A-E-H-N-D-E-I-F-R, D-N-N-N-D-D-L-M-E-F-M-L-M-I-H-A-I-J-E-C-R, G-K-G-A-D-F-M-N-N-C-N-C-A-D-M-D-J-D-F-E-R, N-H-B-G-B-F-J-J-O-D-F-O-N-N-B-E-N-M-D-E-R, M-D-I-G-L-L-O-I-N-N-I-K-N-G-K-D-E-M-E-L-R, D-A-O-A-L-O-J-G-I-N-E-N-D-B-C-H-N-B-D-E-R, D-N-L-H-K-A-N-D-N-I-I-D-M-E-E-E-A-A-E-K-R, C-C-D-K-L-N-E-N-M-O-N-D-L-L-D-H-E-J-B-M-R, C-D-A-H-L-N-N-H-M-H-A-I-N-D-J-F-D-A-I-E-R, M-M-O-D-A-M-K-A-G-N-N-M-K-N-D-C-M-M-B-E-R, D-N-L-E-H-N-N-D-E-K-G-E-L-C-K-B-B-K-J-L-R, M-D-L-A-N-E-L-F-B-M-B-H-N-C-N-D-C-E-C-J-R, C-J-O-F-F-C-B-D-H-N-B-N-N-G-K-E-D-E-O-O-R, E-O-M-E-D-N-F-G-F-O-N-E-E-N-J-A-D-J-A-E-R, B-D-D-D-J-J-J-G-I-N-N-N-C-D-C-I-E-C-O-C-R, K-B-D-A-O-M-G-D-I-H-F-N-N-N-D-C-L-E-G-I-R, A-C-J-D-N-D-F-F-B-N-C-A-N-D-A-C-E-H-I-K-R, G-D-A-M-M-M-O-I-J-A-N-H-M-O-N-N-I-D-I-E-R, D-I-G-E-N-H-N-C-D-J-N-C-D-H-E-I-O-F-F-I-R, O-D-N-N-B-D-N-G-J-C-J-C-D-C-C-E-I-J-D-I-R, K-D-K-E-D-E-N-F-O-N-A-C-A-H-N-D-M-B-B-E-R, F-C-J-D-I-N-H-M-D-K-H-M-N-B-N-G-D-J-E-I-R, A-D-G-J-D-N-C-N-B-D-N-D-G-M-L-B-E-B-M-O-R, D-C-N-L-G-N-A-O-D-N-I-I-L-D-F-D-E-L-C-K-R, H-D-A-C-N-H-L-K-D-N-I-N-D-I-E-J-L-O-D-H-R, D-F-M-A-J-C-G-M-F-K-C-D-G-N-A-N-N-D-D-E-R, O-J-K-J-E-B-D-N-N-C-N-C-D-E-J-O-M-M-C-D-R, H-B-E-B-D-H-C-N-L-E-N-N-D-J-C-E-B-A-L-D-R, D-N-D-O-D-N-N-G-D-J-G-E-A-M-C-B-B-L-M-B-R, E-O-A-C-H-F-D-D-K-N-N-N-A-D-E-M-B-K-E-B-R, E-D-F-D-I-E-N-L-N-O-N-L-A-N-I-G-A-B-D-E-R, M-C-D-A-G-G-F-K-C-N-N-J-N-M-D-F-A-D-E-D-R, F-D-D-L-N-N-I-E-J-J-E-E-M-N-I-D-N-E-L-I-R, O-D-N-N-N-D-B-J-B-E-C-M-O-M-C-A-J-F-O-H-R, E-G-D-H-N-K-N-N-D-E-K-I-C-G-B-K-B-F-E-B-R, D-E-O-F-N-N-N-L-N-D-I-J-B-N-O-O-C-A-G-E-R]
error_9,[J-B-C-O-D-N-N-L-B-B-K-F-H-F-B-C-A-K-B-L-R, O-E-G-D-H-N-K-N-K-E-O-L-E-L-G-F-A-H-G-K-R, D-N-M-L-M-E-N-H-B-E-M-O-L-J-D-A-F-O-K-O-R, F-N-N-J-D-E-O-E-I-F-G-N-L-N-L-D-H-F-C-K-R, B-H-A-K-D-N-C-O-G-C-N-K-E-C-L-B-A-F-K-G-R, D-N-L-B-O-D-G-M-M-A-N-D-K-L-D-A-G-F-K-E-R, A-B-D-C-C-E-L-N-E-F-C-N-L-M-F-K-G-G-K-N-R, A-J-H-G-F-B-F-D-N-N-L-M-J-D-F-A-K-I-I-O-R, A-D-D-F-H-N-K-B-L-C-E-F-N-I-J-L-F-O-B-K-R, D-E-E-A-N-O-D-N-L-E-A-F-E-H-K-G-J-N-O-I-R, B-G-F-D-A-N-L-D-B-N-E-C-J-L-K-F-E-K-I-B-R, D-J-I-D-H-M-H-N-N-A-I-C-L-B-H-H-F-K-G-I-R, D-G-H-N-F-M-G-N-D-K-L-L-F-B-K-L-O-I-O-N-R, A-A-D-G-C-M-N-D-N-C-E-A-L-F-H-C-K-L-M-N-R, D-I-N-N-K-D-H-E-H-L-A-F-C-F-K-C-E-D-M-C-R, F-D-A-N-O-O-M-O-B-F-N-L-A-K-N-F-I-K-A-A-R, D-O-N-B-B-F-C-B-C-N-H-B-O-I-C-L-A-G-F-K-R, B-D-N-A-K-F-N-L-F-B-G-G-E-M-M-B-J-J-I-K-R, H-G-M-M-D-K-N-C-E-N-L-J-D-F-M-G-I-E-F-K-R, E-M-J-D-G-I-A-G-N-N-M-L-F-K-K-M-D-J-D-K-R, J-A-D-N-K-B-O-G-B-N-L-H-F-H-E-C-C-K-J-I-R, M-E-D-K-A-N-D-B-N-H-B-L-F-H-K-N-B-E-J-L-R, D-N-L-D-N-A-J-B-M-D-L-J-F-K-O-O-J-I-F-B-R, D-G-N-A-M-N-A-O-L-F-I-A-C-K-L-N-I-D-F-C-R, C-K-D-G-E-L-N-N-E-O-J-L-F-K-E-E-O-G-L-A-R, M-E-H-A-E-F-B-D-J-N-N-M-L-F-K-B-N-K-J-I-R]
error_87,[K-O-D-M-B-H-E-K-G-L-A-O-A-D-J-O-J-N-H-N-R, K-D-B-M-H-D-A-G-E-A-N-D-M-H-M-C-N-D-O-M-R, G-N-H-C-C-G-D-B-O-G-A-J-M-O-B-A-N-C-D-N-R, D-I-J-B-A-A-M-C-A-D-E-B-N-K-I-G-K-B-O-O-R, O-D-I-O-F-J-C-B-B-A-C-M-A-D-F-A-N-A-M-F-R, D-B-I-I-E-B-I-M-L-O-A-A-K-I-I-D-B-C-K-N-R, D-F-B-M-C-C-B-A-F-O-A-M-D-A-F-J-N-O-A-I-R, F-A-D-G-G-I-B-A-C-C-A-D-N-E-J-K-I-K-F-A-R, E-C-D-E-L-C-C-M-B-E-B-D-B-A-B-K-F-A-D-N-R, D-M-D-K-D-B-A-N-M-C-M-E-K-A-D-D-D-E-N-M-R, B-D-L-O-C-G-G-G-B-O-B-N-A-J-G-A-D-J-O-N-R, H-B-D-K-B-G-E-E-E-K-N-A-J-A-D-N-G-I-B-A-R, G-E-M-D-K-B-O-H-M-M-A-A-D-N-O-I-E-E-J-F-R, C-A-D-B-L-A-A-M-N-D-H-O-C-J-G-J-N-I-C-K-R, G-D-F-C-J-K-B-K-I-J-C-N-C-G-M-L-A-A-D-N-R, D-B-B-G-B-J-K-M-A-N-A-E-D-F-N-E-A-H-F-N-R, O-A-G-G-F-E-E-D-B-A-A-D-A-N-G-E-H-A-K-E-R, N-D-B-M-I-E-A-M-G-M-A-K-I-D-N-A-M-N-C-A-R, B-D-L-B-J-A-K-N-A-E-B-E-J-D-N-H-F-C-F-A-R, D-I-B-O-E-A-A-D-N-A-G-O-G-I-M-A-M-H-I-K-R, D-I-M-I-A-B-A-N-M-M-A-N-M-E-D-K-A-G-N-C-R, D-H-L-J-O-C-E-B-H-C-D-E-A-C-A-J-C-D-K-N-R, G-M-K-D-B-J-K-I-J-O-N-A-A-I-B-J-K-D-N-A-R, D-B-E-J-C-I-L-M-A-A-E-F-K-K-N-M-A-D-O-N-R, D-L-B-K-A-A-K-B-M-F-K-D-E-L-D-C-N-B-K-E-R, H-D-B-H-C-E-G-A-A-D-F-H-N-C-B-B-G-K-I-K-R, M-D-L-B-A-N-N-H-A-B-D-F-N-J-G-E-D-J-D-J-R, E-G-K-G-D-B-A-O-N-A-J-D-H-N-J-I-O-A-M-B-R, O-D-O-A-J-L-F-B-J-A-J-N-A-L-D-B-N-J-L-N-R, D-D-E-K-K-L-K-K-L-B-A-C-B-E-A-D-F-B-N-M-R, M-B-J-H-K-E-D-B-D-A-A-N-D-H-J-G-N-N-K-O-R, D-C-D-E-H-M-F-B-A-A-J-D-N-O-G-N-L-G-H-M-R, D-H-C-G-D-L-B-A-A-C-L-D-B-C-G-N-M-B-E-I-R, D-K-H-B-C-O-C-M-L-A-A-I-J-A-D-J-N-G-N-C-R, M-B-D-G-B-I-K-K-J-N-A-A-J-I-K-D-N-J-O-A-R, N-F-K-D-G-G-D-B-K-M-L-E-D-A-A-L-M-D-N-O-R, E-H-B-A-F-J-O-D-B-A-M-E-A-M-K-D-N-H-I-K-R, D-D-H-G-B-A-J-E-O-C-O-F-A-M-D-O-O-O-N-F-R, F-C-J-D-G-B-A-C-J-A-G-D-K-G-C-N-A-L-B-C-R, G-D-B-A-F-N-M-E-C-A-E-A-N-L-G-D-A-A-N-L-R, F-G-O-D-K-C-J-O-O-D-B-A-A-C-B-C-D-C-N-C-R, D-B-B-I-B-C-I-K-O-K-A-A-M-C-F-D-L-D-N-H-R, K-E-D-I-A-B-H-J-A-B-N-A-D-J-F-N-G-O-E-E-R, D-B-B-B-I-K-H-O-A-I-D-F-M-C-L-A-D-C-K-N-R, K-D-B-M-I-H-A-J-A-A-E-B-L-D-N-G-F-J-O-H-R]
error_21,[K-N-M-C-E-D-L-B-B-O-H-F-N-K-J-D-A-J-A-E-R, K-A-D-D-L-E-C-N-H-B-I-C-M-L-H-M-B-E-K-A-R, H-D-C-M-J-B-E-F-I-L-N-C-M-E-J-L-K-E-I-A-R, G-H-D-B-F-G-G-N-E-I-J-B-M-A-D-A-D-I-O-D-R, D-D-D-E-K-B-F-L-N-D-D-J-I-N-C-E-A-C-G-M-R, K-D-B-L-D-K-F-M-L-N-G-J-F-K-J-E-A-O-I-F-R, J-D-A-C-B-F-J-L-O-O-M-L-F-G-N-I-K-J-L-A-R, O-H-D-O-B-D-N-O-D-G-E-N-D-F-G-N-D-J-A-I-R, B-D-G-J-B-F-A-D-O-A-I-N-E-E-J-E-A-K-N-H-R, M-D-B-H-C-M-D-M-F-M-G-O-N-D-B-G-J-M-D-A-R, M-J-G-M-D-B-D-F-F-M-O-N-J-K-A-F-F-D-G-G-R, D-E-K-B-F-N-J-A-O-C-N-D-B-E-C-I-B-B-H-M-R, D-O-A-F-F-N-G-I-B-A-C-B-E-E-I-K-A-I-J-G-R, H-H-A-D-B-J-B-H-B-F-A-L-E-M-N-J-L-B-A-H-R, N-H-O-D-J-C-B-C-F-M-D-O-N-B-J-O-A-N-E-M-R, H-D-B-G-J-F-G-M-G-H-E-F-A-D-O-N-J-N-N-A-R, D-G-B-H-B-D-F-N-M-N-E-A-K-J-E-A-F-B-A-N-R, B-D-I-F-B-B-K-G-N-M-G-F-N-E-J-A-J-K-M-L-R, E-D-N-L-I-C-L-B-L-A-K-H-K-H-J-I-B-M-A-I-R, F-A-M-A-A-F-D-M-E-H-F-B-L-M-F-N-J-K-A-A-R, D-M-K-N-I-L-N-D-F-B-O-M-C-E-B-K-N-A-I-H-R, J-D-D-L-I-B-F-J-I-N-I-O-J-A-E-C-M-D-K-B-R, D-A-N-E-I-C-B-D-M-K-D-E-D-B-M-A-B-M-H-O-R, D-I-E-E-B-F-J-I-A-N-K-O-J-C-A-G-A-D-A-L-R, D-O-O-F-N-I-C-D-M-J-B-K-E-A-J-G-B-B-N-J-R, D-A-O-F-N-I-A-I-H-C-O-L-M-H-B-K-K-B-E-A-R, A-D-E-K-D-H-M-B-E-G-F-A-F-N-B-N-N-J-A-B-R, G-D-N-O-F-I-O-M-N-D-G-F-C-H-B-K-A-I-K-F-R, D-L-F-B-E-M-M-F-I-D-L-I-N-J-A-F-L-B-C-B-R, B-D-E-D-B-O-E-F-I-N-J-I-A-J-B-B-H-C-G-B-R, C-D-B-N-N-O-B-K-H-F-N-J-M-E-J-J-A-M-G-G-R, J-D-B-E-I-L-L-B-I-F-M-N-J-A-F-I-N-L-O-B-R, D-B-B-C-B-H-F-N-D-B-O-E-J-A-G-I-I-B-E-J-R, J-K-B-D-M-H-B-F-H-N-B-J-E-A-J-M-O-E-E-G-R, D-J-K-B-H-G-L-N-F-M-C-N-A-K-O-K-C-K-J-A-R, N-D-B-K-F-G-N-M-E-F-K-A-J-J-L-J-A-I-A-M-R, N-J-D-B-F-N-B-E-D-J-A-D-H-M-J-N-G-D-A-L-R, A-F-D-B-F-N-C-D-C-F-O-M-J-O-M-N-N-E-A-M-R, F-F-G-K-K-E-M-B-D-F-B-H-J-F-E-N-J-D-O-A-R, C-N-D-K-G-C-B-H-F-C-N-I-C-G-G-D-O-J-N-A-R, A-B-O-H-A-D-B-C-N-F-A-I-C-N-G-F-J-B-O-A-R, J-E-D-J-F-D-D-O-B-F-O-D-C-G-N-D-J-C-B-A-R, D-A-G-I-D-B-E-H-F-H-N-E-D-K-D-C-N-J-E-A-R, D-A-N-F-I-G-K-G-C-I-E-B-L-K-A-A-F-F-C-C-R, A-N-D-K-E-G-B-F-C-I-O-L-H-N-J-L-H-M-A-O-R, G-K-A-J-E-D-F-C-J-B-H-F-N-J-A-J-K-E-K-K-R, G-G-H-D-F-B-F-J-N-H-C-I-H-N-F-J-K-B-B-A-R, K-O-C-D-B-L-I-F-C-N-N-G-G-J-I-N-A-D-A-H-R, F-D-I-G-C-B-F-F-A-O-N-A-J-A-K-J-L-C-O-M-R, D-B-J-K-J-I-O-B-F-H-N-M-J-A-K-H-A-J-C-N-R, D-E-B-F-J-F-M-I-F-N-O-J-B-L-A-B-A-A-O-J-R, D-G-O-J-B-H-H-N-K-E-C-F-N-A-I-I-D-J-A-M-R, G-D-B-H-F-E-L-L-O-J-N-J-A-F-M-K-O-L-G-G-R, B-G-D-O-B-L-L-J-C-K-O-F-L-N-B-J-J-A-D-A-R, K-H-A-D-H-J-O-B-F-D-G-N-J-A-M-H-H-I-K-L-R, M-E-O-O-D-B-F-H-N-K-B-I-C-O-F-M-J-A-N-E-R, G-O-E-G-D-O-N-C-D-B-I-C-L-L-B-K-M-L-A-M-R, E-D-B-C-M-C-N-K-G-N-K-J-L-B-F-I-N-G-J-A-R, G-N-D-B-F-N-G-F-F-J-O-E-I-I-E-O-A-D-H-L-R]
error_88,[C-M-B-K-D-E-F-O-B-F-I-O-J-D-I-I-N-L-O-D-R, D-B-C-D-K-G-K-F-H-H-N-L-I-E-O-J-G-L-I-C-R, N-D-E-J-K-N-K-N-F-N-I-L-O-K-L-M-K-B-N-N-R, J-C-K-D-N-D-N-O-F-I-M-C-O-M-L-O-G-L-F-H-R, O-D-H-A-J-B-F-G-N-F-C-G-G-B-L-K-N-O-B-L-R, N-B-B-A-D-E-J-D-B-B-K-D-F-D-N-K-L-E-G-O-R, D-M-I-B-E-K-C-I-F-E-J-N-C-N-L-E-D-O-J-C-R, H-D-B-M-O-F-F-F-J-O-C-I-N-I-A-L-C-B-M-O-R, D-G-L-F-G-A-B-F-F-G-H-N-L-A-J-O-H-K-M-L-R, D-F-L-F-L-B-C-I-C-D-F-N-A-I-B-M-E-L-O-E-R, A-E-K-M-D-B-J-H-N-F-L-N-C-K-G-N-B-B-L-O-R, A-B-F-M-O-O-K-D-N-N-F-F-K-A-I-A-N-L-A-O-R, C-M-D-B-B-C-K-L-O-F-N-B-G-L-D-A-E-J-N-O-R, N-J-N-B-D-K-D-B-F-C-H-D-N-L-G-I-N-K-F-O-R, M-D-I-D-K-B-C-O-F-N-L-G-O-J-B-F-M-D-H-C-R, J-D-D-G-A-B-E-H-I-O-I-G-F-E-N-L-L-A-O-N-R, G-B-D-I-F-B-B-B-I-F-N-L-L-O-L-N-H-N-F-N-R, G-D-J-N-N-I-F-F-I-G-L-N-G-G-O-L-F-H-N-A-R, E-C-K-A-O-F-O-D-B-F-N-I-G-F-L-L-I-E-B-O-R, G-D-H-O-N-M-C-N-M-F-G-M-D-I-M-C-N-L-C-O-R, O-D-B-G-D-H-J-C-D-E-F-N-L-O-E-H-E-D-B-F-R, O-N-D-O-B-F-H-J-M-I-O-G-I-D-N-L-O-N-F-D-R, K-B-B-A-D-B-B-B-F-N-I-A-C-B-B-L-O-B-F-C-R, D-C-B-C-E-O-F-E-O-N-L-I-A-M-J-L-O-G-M-N-R, D-F-A-O-B-K-N-E-F-D-O-H-N-K-C-C-C-L-D-O-R, D-B-D-J-M-H-N-C-N-F-F-O-N-G-L-C-E-O-L-H-R, O-J-D-I-B-H-F-G-G-H-N-O-K-L-C-C-N-L-O-G-R, N-F-J-D-M-B-F-I-F-N-F-F-L-D-N-O-F-I-O-F-R, O-D-J-B-J-C-C-B-F-D-N-G-F-M-L-B-O-G-J-G-R, D-B-F-F-M-F-M-H-L-M-H-C-L-I-I-F-N-L-O-N-R, D-D-N-H-C-N-E-F-I-L-K-C-B-J-F-G-O-N-N-L-R, J-N-O-E-O-C-N-D-B-F-N-E-L-D-N-O-I-N-A-G-R, E-N-F-D-I-O-B-F-H-H-I-E-L-N-L-O-A-A-G-O-R, B-M-F-D-E-M-A-K-J-B-E-F-E-N-O-L-N-O-H-M-R, M-O-O-F-J-H-B-D-B-C-F-I-I-N-L-F-C-O-A-M-R, F-D-F-L-K-N-N-O-C-F-H-O-A-C-H-I-F-L-O-I-R, G-D-B-F-L-M-H-N-O-G-A-L-B-I-N-F-O-E-K-A-R, N-D-B-I-F-L-C-C-N-L-F-I-A-K-O-H-L-J-K-D-R, A-C-D-B-N-L-B-J-E-F-D-O-N-L-M-C-B-G-O-K-R, G-K-O-F-A-C-D-J-L-B-O-E-H-F-E-N-E-L-O-G-R, D-H-H-D-J-F-M-B-F-E-O-G-J-N-D-B-C-L-O-F-R, F-D-O-K-B-H-G-F-N-L-O-E-C-O-L-A-E-G-E-J-R, M-D-G-F-B-L-M-B-K-J-F-H-E-N-E-L-O-A-A-J-R, M-D-N-N-C-F-I-M-L-C-N-C-O-G-D-H-M-M-O-G-R, B-D-I-B-E-F-C-A-M-I-D-N-L-E-M-J-D-G-M-O-R, A-F-G-K-O-N-D-M-B-B-F-N-B-J-H-F-K-N-L-O-R, J-C-C-C-F-H-J-D-I-L-O-D-B-K-F-N-M-L-A-O-R, D-F-H-B-M-F-F-F-C-M-E-N-O-C-L-O-E-B-O-B-R, D-E-I-J-B-E-L-N-I-F-I-E-M-N-A-L-O-E-M-E-R, C-A-M-F-D-C-L-K-H-B-C-I-F-O-D-N-L-J-O-J-R, A-G-D-B-J-F-M-E-D-N-N-K-O-B-L-L-O-B-C-C-R, O-F-C-D-N-O-N-F-I-L-K-O-A-L-H-C-F-F-H-I-R, O-J-H-G-D-B-F-N-N-L-M-B-A-F-D-K-K-O-H-A-R, D-K-J-I-B-C-H-J-K-B-F-N-M-M-I-O-L-K-M-O-R, D-F-H-C-B-B-B-N-C-F-N-N-G-I-G-A-A-O-L-O-R, D-A-B-G-C-K-H-B-F-A-A-I-N-K-F-E-O-L-G-O-R, M-D-E-L-M-D-B-E-F-N-E-O-L-O-G-A-L-L-L-B-R, D-J-F-B-F-L-N-L-A-N-G-B-I-E-O-F-E-M-C-N-R, K-D-B-K-C-F-E-M-A-N-L-G-J-F-C-M-I-D-O-B-R, D-B-L-I-H-F-N-M-L-L-E-F-G-A-I-C-E-C-B-O-R, H-D-G-E-K-B-B-D-B-L-L-F-J-C-N-G-I-I-L-O-R, D-K-C-M-B-N-E-O-F-J-H-E-I-H-M-N-L-D-O-N-R, A-C-A-H-K-M-N-M-D-G-A-K-L-B-N-I-F-N-L-O-R, G-H-O-F-A-D-E-A-I-O-B-J-O-F-O-N-L-D-L-O-R]
error_44,[D-M-B-F-E-E-J-N-D-H-M-C-J-F-C-B-O-G-I-B-R, G-A-D-A-G-H-B-I-F-I-F-A-J-N-F-H-E-E-F-N-R, A-C-J-J-G-D-O-B-O-F-N-H-C-F-A-K-K-A-C-E-R, D-B-J-G-E-J-B-K-F-N-A-F-M-H-E-K-D-F-F-O-R, G-G-D-K-B-L-G-C-I-F-G-A-O-N-G-E-H-I-N-F-R, G-F-D-G-E-B-D-F-N-M-M-M-H-I-F-F-C-L-I-M-R, G-E-D-O-E-J-F-J-B-H-H-F-D-H-D-N-H-F-A-H-R, F-O-F-J-O-G-M-K-D-J-H-H-B-I-O-G-F-N-H-F-R, F-E-D-B-J-F-E-F-G-N-H-D-I-G-O-L-J-F-H-D-R, H-M-D-B-F-N-K-D-G-O-O-H-O-J-L-D-O-N-C-F-R, N-C-C-M-D-K-H-C-B-F-N-K-H-O-C-G-J-F-H-H-R, B-O-D-M-B-F-L-M-I-N-M-K-H-M-B-L-O-E-I-F-R, J-D-K-J-I-M-B-M-F-N-A-I-N-H-L-J-O-I-F-I-R, F-O-D-I-M-F-B-L-B-F-O-N-H-J-K-G-M-F-H-C-R, N-O-D-B-F-J-O-C-H-H-N-C-E-H-G-L-F-H-O-O-R, J-H-A-K-D-G-B-F-N-N-D-G-H-J-D-I-N-F-E-M-R, H-D-B-F-N-D-F-H-G-C-N-F-G-B-D-C-D-C-O-G-R, N-N-K-C-D-K-K-F-B-F-C-N-H-F-N-F-A-C-H-N-R, E-B-K-H-D-M-F-B-I-F-C-J-O-N-C-H-I-F-N-C-R, D-B-F-C-N-M-N-H-O-E-K-F-I-B-C-C-I-F-J-H-R, O-N-D-B-O-L-I-G-O-I-F-D-J-N-D-N-H-O-F-M-R, M-D-M-D-B-F-N-H-N-G-C-L-I-N-F-D-J-B-I-J-R, J-D-K-B-F-C-L-O-E-D-N-O-B-H-J-C-B-F-H-O-R, K-K-J-D-B-J-M-F-N-A-H-F-J-F-L-A-O-D-O-I-R, D-A-D-B-C-N-G-J-B-F-N-J-I-L-F-C-O-H-B-F-R, G-H-A-H-G-D-D-B-F-O-E-N-N-B-M-G-H-J-E-F-R, B-D-M-G-E-C-L-D-C-H-C-O-L-B-I-B-F-N-H-F-R, O-D-B-H-C-M-D-C-G-F-H-D-O-H-N-H-L-I-F-G-R, D-H-E-E-M-M-M-O-B-C-F-G-A-L-O-N-N-H-I-F-R, G-A-M-G-D-E-B-L-K-F-L-N-I-H-O-M-D-B-M-F-R, O-D-D-B-J-J-O-M-F-N-F-N-K-I-B-A-H-G-F-A-R, H-D-B-J-G-J-L-D-F-N-H-F-H-K-D-I-M-J-I-E-R, A-M-B-J-A-D-L-G-L-F-O-B-O-F-N-H-D-D-F-C-R, H-F-G-C-D-O-B-F-D-N-G-B-C-H-F-C-D-D-G-N-R, E-N-D-E-B-C-E-G-H-F-N-H-F-F-A-A-A-K-N-D-R, D-I-B-N-C-F-I-N-G-H-M-F-H-B-I-O-E-G-D-M-R, M-D-J-B-G-F-H-A-N-H-J-N-F-G-G-N-E-A-O-D-R, A-J-M-B-D-B-D-L-N-D-F-N-N-G-H-E-E-O-F-H-R, D-D-D-H-A-F-E-B-H-E-F-N-F-I-C-H-N-D-F-A-R]
error_20,[D-O-A-I-G-F-N-K-J-O-E-D-L-E-G-N-O-K-B-E-R, E-B-D-F-N-C-J-K-G-A-C-B-I-K-J-N-N-G-O-E-R, D-N-M-B-J-O-H-H-D-G-N-D-J-M-O-A-D-B-J-C-R, F-N-M-D-N-J-C-C-M-G-A-I-N-J-I-E-H-N-E-O-R, D-M-N-L-D-D-M-J-M-G-N-I-I-N-O-A-F-A-O-G-R, O-H-D-H-I-N-F-J-N-G-L-A-A-M-B-L-L-N-O-A-R, D-C-F-C-N-H-G-L-F-E-D-O-J-G-D-N-I-L-O-F-R, F-N-H-A-G-H-D-G-N-A-J-G-M-N-O-B-F-D-E-J-R, C-D-O-N-K-J-G-B-N-I-C-D-M-M-H-O-B-C-O-O-R, D-F-C-D-N-J-D-D-K-B-J-L-G-N-O-L-D-M-N-D-R, D-N-J-D-O-L-M-J-D-J-M-J-G-L-N-H-E-D-O-K-R, D-I-N-O-C-F-J-O-I-G-H-N-D-M-E-C-O-D-G-M-R, D-O-E-J-I-N-J-J-L-M-G-N-M-L-H-A-O-D-I-E-R, D-I-N-J-O-H-G-O-G-K-C-D-N-O-L-A-G-O-H-M-R, D-J-A-H-J-N-M-F-J-H-G-N-D-A-A-L-O-J-G-B-R, E-F-B-D-O-J-N-O-A-D-E-J-O-G-H-N-D-O-J-E-R, H-K-D-D-O-H-N-J-G-F-O-C-M-N-D-O-O-B-L-F-R, D-N-B-O-K-J-M-N-I-L-B-M-K-M-H-G-N-O-K-N-R, K-A-D-O-I-C-F-L-K-O-N-M-H-E-D-J-G-N-O-G-R, H-D-N-L-J-L-G-N-O-K-B-K-I-G-L-F-A-M-C-F-R, B-O-D-K-N-B-J-G-F-I-N-O-K-N-L-B-E-C-M-F-R, M-D-L-N-C-B-J-O-D-K-O-N-G-N-G-C-D-O-F-I-R, N-K-D-N-J-L-I-J-J-G-E-I-N-E-A-E-N-L-H-O-R, O-G-J-F-O-E-E-D-N-M-J-C-C-G-O-E-F-N-O-L-R, H-H-H-M-A-D-J-M-A-N-J-G-G-M-M-D-L-N-D-O-R, H-N-M-C-D-E-N-K-H-J-N-K-G-I-H-N-E-O-E-G-R, B-K-O-C-N-D-F-N-J-D-G-M-D-G-N-O-C-O-L-I-R, D-L-N-F-J-G-N-O-A-E-K-M-B-O-N-K-N-H-M-H-R, D-N-A-D-J-I-G-G-L-O-J-A-F-A-G-N-C-O-L-L-R, D-G-N-J-L-L-I-M-G-J-J-J-N-I-G-O-K-I-G-G-R, H-O-K-D-E-I-H-N-H-J-G-C-J-F-N-I-O-J-E-H-R, N-D-O-N-D-K-F-K-K-E-H-A-J-G-A-G-L-N-C-O-R, D-I-A-H-O-L-I-N-L-E-J-J-G-E-M-M-N-J-O-D-R, D-J-L-H-L-D-N-J-O-J-D-G-N-M-O-M-E-K-D-J-R, K-A-D-H-O-M-N-J-G-A-A-O-E-N-D-G-O-E-J-O-R, D-N-M-J-J-E-G-N-H-G-M-H-E-N-E-H-D-O-B-K-R, G-D-N-J-E-G-C-C-E-N-I-J-I-O-J-N-N-J-B-F-R, K-O-F-D-N-L-B-D-J-G-J-N-L-O-O-H-K-B-C-M-R, D-H-C-C-F-K-N-H-J-N-B-D-I-G-N-I-M-I-J-O-R, J-D-K-N-K-B-A-C-H-K-L-J-G-N-O-M-F-C-A-K-R, D-G-G-M-N-J-B-E-E-G-C-N-O-M-K-C-A-G-J-C-R, G-J-D-M-G-E-C-C-A-K-G-M-N-B-J-E-G-N-O-C-R, D-M-E-N-G-J-B-G-N-J-D-G-H-H-O-A-F-N-F-A-R, M-D-D-J-C-N-J-G-J-O-E-J-M-N-J-O-L-M-H-A-R, B-K-E-E-D-K-C-I-N-H-B-J-G-A-E-I-N-O-H-A-R, D-N-J-L-G-H-N-I-N-E-J-J-A-N-L-O-K-E-E-I-R, D-N-K-E-B-O-O-J-B-G-K-D-M-O-O-N-G-O-F-I-R, E-D-I-C-N-E-D-J-G-D-L-A-I-C-N-A-M-O-B-K-R, A-D-I-N-O-J-G-K-M-O-N-I-G-O-E-A-C-H-C-M-R, G-K-D-F-F-I-G-N-J-I-G-B-I-C-F-N-N-D-O-G-R, N-J-D-N-K-O-J-J-G-I-B-N-H-D-L-I-A-G-N-O-R, E-H-D-D-N-E-J-M-M-H-G-G-H-K-B-N-J-E-O-N-R]
error_64,[D-A-A-I-F-J-E-O-K-H-N-I-C-D-D-G-C-C-D-F-R, E-D-L-N-O-L-I-E-O-D-A-C-G-G-J-C-F-F-A-L-R, M-B-J-B-F-K-D-N-A-I-L-E-C-G-C-M-F-D-K-O-R, F-D-L-M-O-M-N-H-I-C-M-G-N-C-C-O-D-N-M-G-R, D-N-H-O-K-K-G-D-I-D-F-O-H-B-F-C-E-E-G-C-R, D-J-N-I-K-D-G-C-L-G-J-D-B-D-I-C-D-I-L-I-R, D-J-I-K-A-A-F-D-K-N-B-A-I-C-F-G-A-G-C-E-R, K-O-M-N-B-M-K-H-D-F-N-I-M-M-C-G-K-B-J-C-R, J-N-D-C-I-A-N-I-E-H-M-A-M-E-I-C-G-H-L-C-R, E-B-D-J-D-N-M-I-C-O-C-H-I-G-A-C-D-G-K-D-R, A-N-D-M-L-H-I-N-B-M-E-G-I-C-H-D-J-O-G-C-R, N-B-H-K-A-D-F-C-L-N-I-B-O-F-C-G-B-B-C-O-R, D-J-K-D-N-I-D-N-G-B-C-A-G-H-I-D-M-C-M-F-R, F-D-H-N-A-B-E-I-I-F-O-K-D-B-C-C-M-I-G-C-R, G-D-O-E-D-D-N-C-A-I-I-C-D-G-C-M-J-H-B-K-R, D-G-N-O-I-I-E-B-L-B-A-C-G-M-B-L-I-K-D-C-R, K-D-E-N-I-H-B-O-C-N-G-L-N-E-E-D-H-L-C-O-R, J-D-O-J-C-N-D-E-I-B-N-C-I-D-J-D-G-C-N-C-R, G-K-O-D-N-O-E-B-I-G-H-C-D-J-G-G-E-K-C-E-R, A-D-I-F-M-D-K-D-G-N-I-H-C-D-G-N-C-B-J-M-R, O-E-M-N-H-G-D-N-L-H-I-B-I-A-D-C-M-G-C-J-R, M-D-K-F-N-C-D-M-I-N-A-N-C-G-A-K-I-M-D-C-R, N-D-N-I-D-F-O-A-I-L-G-E-C-J-A-G-C-N-H-F-R, B-F-A-D-K-C-O-M-N-I-M-C-G-J-C-I-F-I-B-C-R, D-N-D-L-I-L-K-L-D-E-C-N-C-E-J-G-L-C-B-K-R, D-M-M-A-N-H-A-I-N-N-A-C-N-H-O-G-C-B-E-G-R, D-N-A-I-D-F-C-M-C-G-A-N-M-I-N-C-D-K-M-K-R, H-D-N-C-I-I-A-C-F-O-L-G-D-C-L-L-F-L-I-H-R, C-A-C-G-D-A-N-I-C-F-F-C-N-G-E-G-B-C-O-M-R, E-D-N-D-E-G-I-G-L-H-O-A-C-C-M-G-C-N-I-M-R, D-N-O-O-O-I-D-H-C-D-F-M-I-E-N-G-C-G-M-J-R, B-G-A-B-O-O-O-D-F-L-J-N-I-I-H-F-D-C-G-C-R, C-D-M-O-G-N-B-I-C-E-I-O-J-G-C-K-O-H-G-H-R, M-M-C-D-K-A-N-K-I-N-D-C-D-G-M-N-C-A-F-I-R, D-N-B-C-I-C-J-F-O-G-C-M-N-I-F-D-F-H-G-K-R, O-D-M-M-L-N-I-B-M-B-A-C-G-D-K-L-C-L-A-C-R, M-B-D-O-N-I-C-I-C-C-I-F-G-C-M-B-A-J-K-F-R, D-O-L-A-H-I-E-N-A-K-G-I-K-L-C-G-C-C-G-D-R, D-K-N-D-G-H-D-A-I-C-G-G-E-M-C-I-D-M-E-H-R, D-E-E-E-L-N-I-K-M-B-L-C-O-G-J-H-A-D-C-K-R, A-D-N-I-C-G-B-C-K-F-A-K-N-M-D-J-M-H-F-K-R, C-B-E-N-D-N-D-I-C-C-O-G-C-D-N-D-J-I-J-J-R, D-M-G-O-N-I-C-C-N-L-H-G-C-M-N-D-F-O-M-M-R, D-L-E-M-K-I-C-D-E-F-L-N-I-C-E-G-C-L-H-A-R, D-N-B-D-B-I-I-E-C-G-C-M-F-I-K-H-F-A-C-O-R, M-H-D-N-I-C-C-F-N-G-C-M-M-N-E-D-A-C-I-G-R, D-N-B-I-A-B-L-C-G-L-G-M-C-B-D-E-C-H-A-D-R]
error_84,[M-M-D-B-F-B-I-K-N-E-M-D-B-J-E-A-F-M-G-H-R, E-N-D-G-B-B-N-F-B-B-C-B-C-I-L-D-B-G-I-M-R, G-D-O-K-F-L-E-F-L-D-A-D-B-F-B-O-I-I-J-B-R, J-O-M-H-G-G-B-H-A-D-O-B-F-F-I-L-B-I-B-C-R, D-B-E-K-G-F-H-G-I-E-E-D-B-F-I-J-D-B-D-B-R, H-O-N-A-D-M-B-I-G-K-L-I-F-O-L-G-L-B-I-B-R, D-M-B-J-H-F-B-J-M-I-G-N-O-E-B-L-M-L-A-D-R, M-H-H-B-B-E-N-C-D-G-B-J-F-J-B-I-B-E-K-B-R, O-G-D-B-H-G-F-I-L-H-B-J-I-D-J-L-I-L-B-B-R, M-A-D-K-L-F-D-B-J-L-K-E-F-B-G-I-K-O-G-B-R, B-O-D-M-C-M-B-L-F-A-G-B-O-I-N-N-B-G-A-I-R, J-D-H-L-L-B-I-F-H-M-L-B-I-G-M-J-N-N-J-B-R, A-D-B-I-F-D-B-N-B-I-J-B-G-E-C-H-B-E-J-O-R, C-D-B-J-I-K-M-N-J-M-O-C-F-B-M-F-I-B-J-C-R, D-M-B-N-G-I-D-N-B-C-F-G-B-E-L-I-B-B-C-B-R, O-H-D-B-F-J-L-M-H-B-M-J-E-I-H-G-B-D-D-K-R, D-C-K-D-K-J-L-K-E-C-B-M-O-D-F-B-I-B-O-N-R, B-D-B-F-M-B-M-L-N-O-L-I-H-B-G-A-O-I-M-A-R, O-G-A-E-D-O-B-F-J-B-F-I-B-L-D-L-F-D-K-I-R, F-M-N-C-D-I-D-I-B-K-F-B-F-I-M-B-I-E-H-M-R, D-J-M-B-I-F-G-D-B-K-F-I-B-H-H-N-B-M-M-K-R, E-G-A-D-J-B-K-H-B-F-F-G-O-F-D-A-B-I-O-B-R, D-E-B-K-O-F-H-A-B-F-H-N-A-E-H-C-I-K-D-B-R, E-D-A-I-D-B-F-J-B-M-I-N-N-M-B-B-K-G-B-I-R, D-J-E-H-I-A-E-F-B-F-F-E-B-K-O-I-B-J-E-C-R, M-G-M-D-H-H-O-J-B-O-F-B-J-K-I-B-H-C-I-G-R, K-M-N-J-D-B-I-F-M-H-F-M-B-I-H-G-B-K-B-D-R, D-K-K-B-F-B-B-F-F-O-J-A-M-A-G-C-I-J-B-H-R, F-D-D-E-B-G-I-F-E-C-B-A-H-C-I-B-N-J-H-E-R, K-H-K-H-C-E-A-G-D-G-A-H-C-D-B-F-B-I-N-B-R, D-B-E-O-B-K-M-K-K-D-E-K-H-F-B-I-O-B-M-E-R, H-G-N-A-F-D-F-B-F-J-C-B-H-K-L-I-L-M-B-K-R, D-I-F-O-H-J-M-B-B-I-L-G-M-B-J-F-H-B-I-B-R, C-D-B-E-D-F-J-B-A-D-A-N-K-J-G-M-M-B-I-B-R, E-D-M-M-H-F-B-F-C-J-I-B-A-F-L-H-I-G-B-M-R, D-J-B-F-B-I-H-M-D-E-B-D-D-D-E-N-O-K-D-O-R, C-O-B-A-D-E-D-C-B-K-L-N-F-B-I-O-B-J-J-C-R, D-K-G-E-A-C-A-B-L-F-B-K-I-E-B-O-G-D-B-M-R, J-D-B-F-J-F-O-A-B-O-I-G-B-J-E-F-H-L-F-O-R, D-D-F-A-O-B-G-G-I-F-B-C-K-O-E-L-I-I-B-A-R, K-F-K-J-A-M-F-D-B-F-B-O-G-H-J-I-B-A-B-C-R, D-C-K-C-F-K-J-C-B-I-L-K-F-G-B-K-I-K-B-K-R, F-D-I-I-H-B-F-C-B-E-F-E-G-L-I-M-D-L-B-D-R, D-B-O-E-C-C-M-G-F-E-J-D-B-N-F-M-I-B-H-J-R]
error_4,[G-O-O-F-D-B-J-N-A-L-G-H-B-L-F-G-B-N-K-C-R, D-B-A-F-L-N-D-H-O-N-N-L-D-O-I-J-G-H-D-K-R, D-A-D-B-C-D-A-G-J-L-H-K-A-N-F-O-E-C-C-H-R, C-D-F-A-B-L-L-I-A-L-K-D-H-C-N-K-O-I-B-F-R, D-K-I-O-A-D-B-A-M-H-E-J-J-B-G-L-F-H-N-A-R, M-D-G-J-C-B-E-I-M-J-L-D-M-G-A-G-L-H-N-F-R, A-F-J-G-G-C-E-M-G-D-I-E-B-G-A-B-L-H-H-N-R, J-J-D-B-J-A-B-L-L-E-H-F-N-G-B-B-D-D-O-C-R, B-D-G-B-B-N-A-E-O-E-H-N-L-A-G-D-H-N-C-F-R, D-G-B-J-D-J-O-A-B-M-B-F-L-I-E-L-H-N-M-M-R, B-M-K-D-B-E-A-F-K-O-L-N-A-G-H-L-N-H-M-J-R, N-D-B-C-O-A-J-C-H-H-L-J-N-D-I-I-K-H-F-N-R, K-G-F-D-J-D-A-B-N-A-M-L-N-K-L-E-H-N-F-M-R, E-D-B-A-M-L-B-J-J-M-M-B-F-H-M-H-N-H-O-B-R, G-H-H-D-B-G-E-N-D-A-B-E-L-K-O-H-N-N-K-O-R, D-E-D-B-G-L-B-A-C-F-J-L-H-A-H-H-O-N-I-L-R, D-M-O-B-B-N-M-I-A-L-H-K-E-B-L-M-F-F-A-N-R, J-D-K-B-A-F-L-H-H-L-E-C-N-M-G-O-O-L-K-A-R, D-F-B-B-M-A-F-H-H-O-L-J-E-H-B-O-D-B-E-N-R, D-M-K-L-B-A-C-L-K-J-A-O-H-N-F-G-O-E-L-H-R, B-E-D-B-J-A-N-L-N-M-E-B-H-N-E-B-N-A-J-N-R, J-G-D-B-E-B-L-D-K-D-B-A-C-L-N-J-H-I-N-B-R, N-D-M-E-K-L-E-G-A-D-I-B-A-L-N-J-K-H-N-I-R, D-B-A-M-N-O-H-L-H-N-M-D-C-E-I-N-M-M-D-L-R, J-D-D-O-H-C-D-B-A-J-F-L-N-G-K-F-L-H-O-N-R, D-B-E-B-B-I-L-A-C-B-N-G-L-D-H-D-N-J-K-J-R, H-D-C-M-H-B-A-K-C-F-H-L-K-K-H-D-C-N-O-A-R, D-B-I-A-E-O-E-C-J-E-H-L-K-L-H-L-C-K-F-N-R, D-B-M-A-M-L-G-N-A-O-H-O-M-I-L-D-F-N-C-A-R, M-K-A-D-F-B-A-L-D-H-O-B-H-E-N-A-I-J-G-J-R, K-M-D-C-A-B-H-K-H-C-H-A-L-O-H-D-C-K-N-F-R, D-B-A-L-H-L-N-B-A-E-J-K-I-J-J-G-A-N-I-A-R, D-B-N-B-M-K-E-A-O-L-D-H-L-A-O-A-N-F-G-A-R, D-B-K-M-G-A-B-E-M-L-H-I-E-D-G-F-G-N-I-E-R, D-A-B-C-N-I-H-H-A-M-L-L-N-B-I-H-N-J-K-B-R, C-D-I-O-J-B-O-N-N-A-N-L-L-M-E-H-D-N-H-I-R, C-G-M-D-A-K-M-L-B-A-B-F-F-L-I-H-N-O-J-G-R, J-K-D-E-I-K-B-G-A-L-L-L-A-D-M-G-D-H-A-N-R, D-B-A-L-H-I-A-G-N-M-E-L-I-B-K-G-C-D-I-K-R, E-K-H-D-O-B-M-A-K-F-L-M-L-H-C-A-K-A-N-F-R, M-N-J-K-B-K-D-B-A-L-H-D-B-L-N-M-N-D-M-B-R, M-E-H-D-F-E-L-B-A-F-N-O-L-J-H-I-G-I-H-N-R, D-F-F-H-B-G-G-J-O-G-A-M-L-L-H-L-K-F-A-N-R, B-D-I-F-F-B-B-C-K-A-L-F-H-I-L-C-F-N-I-H-R, D-L-E-B-A-O-L-G-O-F-N-K-A-H-G-B-M-F-N-I-R, C-B-N-D-H-B-A-L-O-B-H-E-A-I-L-I-M-D-N-G-R, D-B-K-A-L-F-L-O-G-H-N-D-B-G-A-C-A-G-C-G-R, D-F-B-A-M-G-G-N-L-G-F-E-M-H-I-E-B-K-N-M-R, G-D-F-B-I-H-O-A-B-H-N-M-L-H-H-N-H-C-G-N-R, D-B-G-L-I-A-K-M-M-L-F-I-J-I-G-H-M-M-N-C-R, D-B-D-D-O-A-M-L-H-H-D-H-K-I-H-L-F-B-N-J-R, N-D-O-A-M-B-L-E-D-A-L-H-K-G-O-N-F-B-A-A-R, N-D-O-F-F-O-C-B-G-K-A-C-E-C-L-K-H-N-F-F-R, D-C-G-E-H-B-M-A-L-G-H-A-A-C-O-N-J-E-K-J-R, M-D-L-K-L-M-B-O-M-A-N-L-K-D-K-N-H-N-A-O-R, D-M-B-A-G-L-L-G-H-M-E-G-B-H-M-O-N-I-G-M-R, A-D-H-B-I-M-A-N-L-F-F-H-A-K-O-O-L-N-K-C-R, K-E-D-B-M-I-L-J-D-G-A-F-L-J-G-D-N-D-H-N-R, H-C-E-B-E-E-M-D-B-C-A-C-K-N-L-M-H-N-J-N-R]
error_60,[H-E-D-A-N-I-K-G-F-B-E-N-L-N-A-G-J-I-A-F-R, F-E-E-B-D-M-F-A-C-N-I-J-C-I-H-E-A-M-N-B-R, G-G-F-C-M-D-H-N-I-J-I-A-L-M-M-I-K-L-M-B-R, B-B-D-L-N-I-H-H-I-E-I-B-K-A-J-I-A-I-F-K-R, J-F-C-E-N-E-D-H-N-I-F-F-J-C-I-I-A-B-D-D-R, D-N-I-M-E-F-N-J-O-O-I-A-F-A-H-E-B-F-N-M-R, H-H-A-D-N-H-I-I-O-D-K-E-J-I-A-G-L-F-D-K-R, B-C-N-A-D-N-I-J-I-E-N-A-F-A-J-L-B-G-M-L-R, E-D-N-L-H-A-E-L-E-F-M-I-J-C-H-I-A-F-L-G-R, D-K-C-M-O-O-N-A-I-H-E-M-J-G-I-O-G-N-A-C-R, D-N-M-C-H-I-J-I-E-N-J-A-L-M-H-J-I-G-N-G-R, D-G-N-H-E-O-B-A-K-H-I-K-E-J-I-A-O-A-L-D-R, N-C-F-A-D-C-N-M-I-J-J-N-A-I-A-A-H-G-K-B-R, C-D-C-C-O-F-I-E-L-L-N-M-I-J-L-I-B-M-A-G-R, D-K-N-I-N-E-H-N-A-G-E-M-N-E-B-J-I-B-A-I-R, A-C-M-D-G-M-N-H-I-J-E-O-K-O-I-A-N-C-G-O-R, K-J-J-B-D-H-L-F-N-F-I-N-J-A-M-A-I-A-M-J-R, A-D-A-K-N-D-M-B-I-J-J-M-I-I-J-A-C-F-L-O-R, K-A-C-J-D-D-L-N-L-F-D-I-K-D-K-J-E-I-A-K-R, D-I-D-N-E-F-I-N-J-H-J-C-M-I-I-M-O-B-A-O-R, M-B-E-H-N-A-H-D-C-N-H-K-I-K-J-I-O-A-E-M-R, A-D-N-B-I-D-J-E-K-I-A-N-N-I-I-D-M-A-C-K-R, D-A-M-L-M-N-G-I-F-H-O-D-J-M-I-M-A-G-I-M-R, B-M-E-N-D-E-N-G-B-I-A-J-L-H-I-I-B-A-B-L-R, H-D-H-N-I-J-E-L-E-J-J-I-F-E-B-A-A-H-C-I-R, G-K-D-N-I-J-I-F-A-F-J-J-O-C-B-I-F-F-N-B-R, D-N-K-G-D-I-I-E-O-H-G-K-M-J-L-M-I-I-A-I-R, G-J-J-E-D-F-L-N-C-M-I-K-N-L-J-N-I-A-N-E-R, N-M-D-I-J-A-E-J-O-N-A-I-K-K-K-O-J-I-J-A-R, D-L-F-K-E-L-D-N-I-I-K-J-I-A-O-M-K-O-I-B-R, M-A-J-D-O-J-N-D-I-J-J-K-K-G-E-I-A-M-O-F-R, H-D-N-I-D-J-O-O-M-D-H-K-C-I-A-J-N-H-L-L-R, O-F-N-D-O-N-O-A-M-I-A-I-L-J-K-I-O-I-A-O-R, N-K-K-A-O-J-O-A-D-I-J-N-K-I-J-I-J-A-M-E-R, D-I-D-K-H-N-O-B-I-D-J-A-D-I-A-I-I-B-M-H-R, B-M-D-N-I-I-G-L-J-N-L-A-M-I-E-E-E-H-A-F-R, E-F-D-I-N-C-I-B-E-J-I-A-H-D-N-F-D-J-C-F-R]
error_82,[G-D-C-M-G-A-H-D-L-D-N-N-L-O-K-I-A-F-F-C-R, F-D-K-H-A-E-A-C-N-A-K-N-L-K-O-A-K-K-N-L-R, D-K-N-L-G-L-E-M-F-L-C-N-A-L-K-H-O-O-D-A-R, O-N-O-J-D-J-I-N-N-L-O-I-A-K-L-O-B-O-B-M-R, J-O-A-D-N-O-C-K-H-H-N-E-I-L-J-A-O-A-C-F-R, E-O-K-D-N-N-G-D-J-B-L-G-H-O-E-A-M-G-F-E-R, K-D-N-O-L-C-H-N-L-L-O-A-C-D-F-K-J-I-C-M-R, D-N-D-N-K-O-A-I-A-L-J-O-E-A-G-B-N-I-G-G-R, B-D-J-N-N-A-L-E-D-B-O-N-K-G-I-G-A-C-K-O-R, H-D-A-L-F-G-F-N-H-C-O-B-H-D-N-M-L-O-F-A-R, K-M-C-B-F-D-E-N-N-K-I-C-K-M-B-I-O-L-O-A-R, F-A-O-G-O-D-E-L-A-J-J-N-O-N-C-L-E-H-O-A-R, D-H-K-N-H-O-N-K-O-E-L-J-G-A-J-B-O-D-M-A-R, D-N-B-E-N-I-L-K-G-O-M-A-H-D-B-C-M-H-B-M-R, J-F-D-A-I-N-F-K-M-G-A-N-A-L-L-O-K-A-D-G-R, K-A-J-D-N-E-F-N-L-L-O-G-A-I-N-F-C-B-O-B-R, H-D-C-N-L-N-H-J-L-O-A-D-D-A-G-E-M-H-J-H-R, G-H-D-E-G-D-H-N-N-B-B-L-N-O-A-F-A-E-C-B-R, J-G-K-G-F-D-N-N-J-L-J-D-N-H-O-I-G-K-A-I-R]
error_49,[G-D-B-N-H-I-N-I-N-A-D-F-O-L-L-G-B-F-J-D-R, D-I-M-G-D-A-B-G-G-C-K-J-A-D-F-I-I-O-F-D-R, D-F-G-B-O-A-O-O-N-J-D-C-H-O-O-A-F-E-M-D-R, D-J-G-B-I-I-B-A-H-O-D-N-O-N-K-I-D-F-O-G-R, M-D-A-E-M-J-B-B-A-F-D-D-O-D-N-H-G-B-K-O-R, D-D-A-B-C-M-C-G-M-L-A-H-D-B-B-O-D-E-C-C-R, D-I-A-K-C-O-B-L-C-A-D-J-C-O-L-F-K-D-G-B-R, N-H-D-B-C-H-D-O-A-D-M-O-N-F-E-D-J-N-J-E-R, G-B-B-A-M-H-J-D-M-B-A-M-J-O-D-L-B-K-O-D-R, H-D-F-I-B-I-M-D-M-A-M-K-D-O-D-O-D-H-O-M-R, D-B-M-B-D-A-J-M-O-D-O-G-D-K-F-N-H-A-E-B-R, A-O-E-D-B-G-D-I-A-D-A-D-B-J-O-D-F-N-L-L-R, D-B-J-E-J-D-B-H-N-A-G-F-D-H-B-O-G-D-N-J-R, F-D-K-B-E-J-D-L-I-H-A-D-H-L-I-J-O-I-E-D-R, F-D-E-G-M-B-A-J-K-O-D-D-N-B-O-A-D-B-H-M-R, G-C-D-C-B-H-I-K-G-L-A-D-L-H-J-E-B-O-D-C-R, D-J-B-O-B-L-A-M-D-B-L-O-N-D-O-I-F-G-O-O-R, D-B-J-N-H-M-G-O-D-A-N-D-O-J-D-J-H-M-B-C-R, F-D-B-I-O-O-N-G-O-A-M-D-O-B-O-D-L-J-B-L-R, A-D-H-B-G-E-N-O-A-F-G-C-D-K-B-B-O-A-M-D-R, D-B-E-H-A-J-E-D-O-D-A-A-I-C-E-B-I-N-K-J-R, D-B-I-A-O-E-D-B-N-N-O-J-F-A-I-I-D-K-B-G-R, D-K-H-B-A-D-F-A-M-K-A-E-O-O-D-E-D-A-D-L-R, D-B-D-A-M-D-M-D-A-N-A-B-F-O-D-D-I-J-O-E-R, N-J-M-D-H-C-B-E-O-D-G-K-A-K-O-D-F-O-K-D-R, D-J-H-J-C-F-B-A-E-N-K-D-C-M-K-O-A-D-I-H-R, D-H-O-A-E-B-J-A-G-H-D-I-I-A-O-D-F-G-L-K-R, O-J-D-F-G-H-E-A-B-G-I-A-D-H-L-K-O-A-I-D-R, E-C-E-N-D-L-I-B-J-N-N-A-J-D-O-A-F-F-F-D-R, G-D-B-H-O-I-D-A-D-E-E-O-G-O-G-D-C-F-L-J-R, D-F-I-B-M-H-M-M-D-O-O-A-M-D-H-I-O-D-K-D-R, D-M-F-B-D-H-N-C-G-M-M-A-G-D-J-O-B-D-M-M-R, M-O-H-D-D-I-O-D-B-M-A-F-D-H-K-M-I-O-M-D-R, C-A-C-D-J-F-G-B-B-I-K-K-A-D-C-O-L-O-L-D-R, H-D-B-C-A-J-D-E-J-E-B-O-I-N-A-I-K-A-D-E-R, H-D-M-B-N-C-L-J-A-D-O-A-D-J-I-C-N-C-H-I-R, C-A-C-D-B-E-A-D-O-B-K-K-A-J-K-D-E-G-K-M-R, E-G-O-J-D-H-E-M-B-A-E-D-B-O-M-B-N-A-N-D-R, A-H-C-F-O-F-O-O-O-D-B-M-A-D-J-O-G-E-D-N-R, D-B-A-D-M-L-E-N-O-J-D-E-G-B-H-N-H-F-F-N-R, B-D-L-C-L-A-F-F-H-B-A-J-D-H-F-H-B-O-D-E-R, D-D-F-D-B-A-D-F-O-J-D-J-C-J-B-E-N-O-G-C-R, F-M-E-N-H-B-H-D-E-K-D-M-B-E-A-D-B-O-D-A-R, F-D-B-A-D-M-H-A-K-L-A-A-O-E-K-D-E-D-O-D-R, K-D-A-O-B-E-M-O-G-C-A-D-H-H-O-G-I-D-C-M-R]
error_27,[J-F-D-O-F-C-C-E-B-A-J-D-D-G-N-D-O-D-J-B-R, K-K-D-A-B-I-E-A-D-G-B-G-E-J-N-B-H-E-A-N-R, D-B-E-J-G-K-G-A-G-J-I-J-A-L-I-A-D-B-G-J-R, D-I-K-J-O-E-B-A-D-D-E-G-J-C-G-E-N-I-K-H-R, D-F-D-B-D-J-B-A-C-N-F-J-O-D-G-E-C-D-J-O-R, C-K-J-N-G-M-H-D-B-D-E-A-D-J-G-H-J-I-K-B-R, A-D-J-L-O-I-E-B-A-D-F-J-G-N-B-G-B-J-H-H-R, H-J-K-D-C-M-B-A-K-F-B-J-N-C-M-E-D-G-J-E-R, D-B-E-A-M-D-K-B-F-G-F-N-C-O-K-L-M-J-C-I-R, C-N-D-B-D-A-D-C-C-G-C-O-F-A-K-J-C-O-B-O-R, D-C-G-B-G-E-B-J-M-B-I-A-D-N-E-G-D-C-J-N-R, B-B-D-H-B-D-D-D-A-F-M-J-F-G-D-D-D-G-M-J-R, D-G-I-J-I-O-K-D-B-J-A-D-A-G-I-F-J-E-L-D-R, D-L-E-D-B-N-O-A-D-G-E-G-L-M-C-M-J-B-D-J-R, O-O-F-A-D-K-F-C-B-N-A-F-D-E-A-C-A-D-G-J-R, M-C-E-J-J-G-C-A-G-D-B-A-D-F-C-G-D-D-J-I-R, C-D-G-B-D-K-J-H-A-D-B-K-G-K-N-M-O-J-K-A-R, D-B-H-I-C-M-A-O-D-K-G-J-C-G-D-E-I-C-D-N-R, E-E-B-F-N-D-B-M-B-A-D-A-N-H-G-K-A-F-N-J-R, D-B-O-L-O-I-K-C-A-D-D-G-F-K-C-J-B-C-L-A-R, H-D-F-O-I-H-E-G-B-B-A-B-D-J-J-A-L-G-N-J-R, D-B-A-E-M-D-K-L-H-F-N-G-G-L-D-J-N-D-J-I-R, C-F-D-B-L-N-E-C-J-D-A-E-D-G-J-D-A-O-F-H-R, E-D-G-H-B-K-J-C-A-D-E-N-I-G-J-I-L-G-N-G-R, F-M-F-K-D-G-J-B-A-D-M-D-G-J-G-N-M-F-F-O-R, D-C-L-C-C-M-B-L-A-D-G-N-E-L-B-K-A-J-C-J-R, D-A-E-J-L-A-A-K-B-A-C-N-F-E-O-D-G-I-J-I-R, D-M-D-B-N-H-M-O-B-M-D-M-A-D-G-J-G-M-C-F-R, D-O-B-A-E-B-D-C-G-J-E-L-E-D-J-J-K-L-I-G-R, G-J-M-C-D-I-B-A-C-J-E-D-G-A-D-C-F-J-G-D-R, D-B-E-A-D-G-B-L-N-H-N-J-M-D-F-N-J-A-D-J-R, E-F-J-D-M-B-A-M-L-O-G-C-K-D-D-F-L-A-G-J-R, H-H-D-B-L-A-J-O-N-D-A-L-G-O-K-G-I-A-J-H-R, M-K-D-J-B-E-D-A-D-D-I-F-G-L-N-L-G-J-H-N-R, E-D-D-B-I-A-M-D-E-K-D-G-D-H-O-L-J-D-J-C-R, G-K-D-B-A-C-D-F-C-M-J-G-K-B-H-D-A-M-J-N-R, B-D-B-I-B-M-O-H-A-D-M-I-K-J-M-M-G-K-I-J-R, D-B-H-O-E-A-D-N-D-H-D-B-N-G-J-J-F-G-B-J-R, O-H-B-E-D-B-D-A-D-J-G-A-M-N-I-B-J-I-O-K-R, E-N-H-K-O-A-B-D-B-J-O-A-D-G-M-A-J-I-N-G-R, B-A-G-D-B-A-G-B-A-D-J-I-E-M-D-F-J-G-J-E-R, J-E-N-C-K-K-D-K-M-A-B-A-G-D-G-J-B-F-A-G-R, F-J-D-B-J-K-C-A-D-D-N-M-F-G-G-M-G-M-J-N-R, K-G-A-O-D-L-E-E-B-O-A-D-G-N-K-I-J-D-F-I-R, G-N-J-J-C-D-B-N-K-B-C-A-F-O-J-J-D-G-J-D-R, M-F-D-F-O-O-L-A-I-I-L-O-O-B-A-D-G-E-A-J-R, C-K-J-H-D-O-K-B-A-D-G-N-M-K-G-K-B-A-D-J-R, J-B-D-I-B-G-D-A-D-C-N-K-H-J-E-H-M-G-J-K-R, D-E-M-B-G-E-I-A-D-M-D-G-L-D-L-M-I-J-I-F-R, G-D-D-B-K-K-L-I-A-D-N-F-E-G-O-E-I-A-J-O-R]
error_28,[E-J-N-D-H-C-F-D-C-N-I-K-A-C-D-A-A-B-F-N-R, J-D-K-K-N-L-I-E-C-A-B-H-N-H-I-C-A-H-M-J-R, K-O-D-G-C-N-G-O-F-I-C-D-D-M-J-O-B-N-L-N-R, K-D-F-E-N-I-F-M-O-B-F-I-H-C-J-B-N-C-H-C-R, D-D-N-H-I-M-O-F-I-K-E-C-F-B-N-C-H-K-C-L-R, J-M-D-N-F-G-D-E-I-K-H-D-N-H-C-B-I-N-J-M-R, D-L-N-L-H-D-C-F-I-C-C-H-B-N-D-I-N-J-H-M-R, G-D-G-N-C-I-N-D-C-N-N-C-B-E-I-N-C-K-K-H-R, N-O-A-D-H-K-M-N-M-K-I-A-I-N-C-L-B-E-H-N-R, D-I-E-H-N-L-D-I-O-C-J-M-F-B-I-N-J-N-L-H-R, D-G-I-N-A-I-E-E-N-I-D-K-A-H-C-F-D-B-N-E-R, J-K-D-E-H-N-G-F-O-E-I-C-B-N-E-O-E-A-L-I-R, D-J-H-N-I-C-B-C-L-E-N-J-L-M-H-A-J-C-O-B-R, A-O-D-J-N-L-G-M-E-E-F-L-I-N-C-B-N-F-B-F-R, D-K-E-N-I-M-I-C-N-B-E-H-F-A-N-L-N-E-C-D-R, M-A-F-A-H-D-N-D-F-E-D-I-D-H-C-C-B-M-N-N-R, D-L-L-M-K-I-C-L-N-M-I-C-C-C-M-D-L-B-N-N-R, E-M-D-G-K-I-K-N-E-G-G-I-B-C-J-B-L-A-C-N-R, A-C-F-E-J-E-F-D-L-N-H-K-I-M-F-M-L-C-B-N-R, D-N-G-F-I-N-B-O-B-B-M-F-I-O-C-B-N-O-K-B-R, E-G-A-D-C-A-K-G-F-N-F-O-M-I-C-A-B-N-N-M-R, E-D-N-H-D-H-G-M-O-G-O-H-I-H-C-B-B-A-N-D-R, D-N-G-M-H-H-I-G-D-C-H-H-N-B-C-A-C-H-N-G-R, D-G-D-N-B-D-I-M-F-F-L-H-C-B-N-M-I-J-N-J-R, D-G-A-N-M-F-M-O-O-I-D-H-C-A-A-L-B-L-M-N-R, A-H-G-D-O-J-I-H-D-O-A-N-I-L-O-C-B-L-H-N-R, G-O-J-D-N-C-O-C-I-C-L-L-F-H-B-B-N-O-B-K-R, E-F-O-B-D-H-K-N-H-D-M-I-E-C-B-N-B-G-C-K-R, K-E-D-N-I-C-M-N-N-C-A-I-J-C-O-B-N-J-I-I-R, H-B-C-A-F-M-D-I-F-N-M-I-K-C-B-F-N-K-G-E-R, D-A-D-N-O-I-B-A-G-G-C-F-J-F-B-N-F-F-I-N-R, D-I-O-E-E-N-D-G-K-O-C-I-M-C-D-B-N-I-A-L-R, G-K-N-D-N-I-D-O-G-L-O-C-C-M-F-O-J-D-B-N-R, D-I-A-M-A-N-K-D-H-K-K-I-B-A-L-C-B-A-C-N-R, D-J-G-J-J-N-I-L-C-D-F-I-B-N-J-B-L-N-J-H-R, D-C-C-N-E-C-H-I-N-N-K-K-D-G-G-C-B-N-N-I-R, N-M-D-N-O-I-H-A-C-D-B-N-O-D-M-O-J-M-A-D-R]
error_25,[D-D-D-E-E-A-B-N-H-F-B-A-O-B-M-H-M-D-E-K-R, D-O-F-E-G-B-B-F-B-C-A-L-D-I-E-O-I-O-H-A-R, H-D-B-O-I-G-F-E-D-M-B-A-C-F-D-E-B-K-D-M-R, C-A-G-O-F-D-O-L-I-L-B-E-J-F-B-M-D-A-L-E-R, C-F-D-E-B-B-O-C-N-F-B-J-D-I-M-E-J-G-H-M-R, M-D-B-F-H-O-B-C-F-D-C-H-E-G-B-C-D-I-B-A-R, D-K-K-O-L-H-C-B-N-N-L-F-J-F-B-D-A-I-F-E-R, F-D-O-K-I-B-M-I-E-O-B-F-B-H-F-J-D-A-E-E-R, D-M-I-B-F-I-I-B-D-D-E-E-I-H-A-K-H-N-O-B-R, K-F-O-K-D-J-D-E-K-L-B-H-H-F-B-M-G-D-D-E-R, H-D-J-B-F-B-M-A-B-D-J-E-G-K-F-H-D-F-D-K-R, H-D-E-O-B-H-F-O-D-B-G-F-J-E-D-L-E-C-N-D-R, H-D-I-A-J-G-J-E-E-B-F-B-F-C-H-D-E-M-K-K-R, D-K-I-B-J-I-O-H-O-H-B-F-M-F-G-B-D-E-K-J-R, D-A-G-B-C-I-C-F-H-B-B-M-O-B-D-C-H-F-E-D-R, D-J-B-I-F-B-K-A-M-G-D-F-E-M-B-B-K-A-A-E-R, D-B-F-H-H-F-M-A-E-O-J-B-D-B-E-B-N-L-H-O-R, M-D-E-B-G-M-L-L-O-F-L-O-B-A-L-N-D-L-E-E-R, C-M-J-A-K-A-O-D-B-F-L-F-B-D-E-C-A-M-N-M-R, B-J-O-D-G-M-O-H-B-G-J-F-D-O-A-B-F-B-D-E-R, M-D-L-K-E-K-O-C-B-I-M-F-B-M-J-D-D-I-E-G-R, M-B-D-B-B-F-I-I-B-D-I-A-G-C-E-D-H-O-A-J-R, A-D-I-K-K-B-L-F-J-J-B-G-K-B-D-M-E-E-K-L-R, D-J-B-D-B-L-K-D-N-K-F-B-A-N-G-B-E-O-D-E-R, O-O-E-J-K-D-C-F-D-C-C-K-B-F-B-D-D-E-E-E-R, D-H-O-F-C-H-K-B-F-E-B-D-E-E-L-D-C-O-L-K-R, B-D-B-M-F-A-I-F-B-D-J-L-L-N-L-M-C-F-E-I-R, D-F-B-D-H-B-O-L-F-B-L-J-H-A-F-C-D-A-E-H-R, B-D-O-A-F-O-A-B-B-N-L-F-C-F-B-C-D-E-C-E-R, D-B-M-E-H-M-H-F-H-E-D-A-B-D-F-I-N-G-C-E-R, F-D-H-M-M-J-C-F-E-B-G-I-E-G-F-G-B-D-C-E-R, K-F-D-B-M-F-B-K-L-C-N-L-L-L-H-D-E-B-M-I-R, A-D-C-B-O-F-E-B-D-I-L-N-E-F-F-I-L-C-M-L-R, D-A-B-K-L-F-F-A-B-D-I-L-H-D-M-G-N-C-E-H-R, D-A-G-B-H-F-B-E-D-E-H-F-B-L-O-F-H-K-L-F-R, B-G-D-A-K-B-M-F-F-B-D-D-E-O-D-I-C-M-H-E-R, K-K-D-A-C-B-H-H-F-H-O-B-E-D-N-A-F-E-I-B-R, D-C-J-G-F-M-K-C-I-I-B-C-F-B-D-E-B-L-I-J-R, J-B-D-B-F-D-I-G-B-G-K-E-D-I-E-F-E-D-H-B-R, D-A-J-H-H-B-D-D-O-N-B-N-G-F-J-B-G-D-J-E-R, C-D-B-O-D-O-K-K-E-F-B-C-F-D-D-E-E-J-E-C-R, N-O-D-E-I-B-O-F-F-L-A-B-E-D-I-M-A-E-M-K-R, D-A-H-O-B-H-M-E-F-L-I-J-B-D-E-D-K-D-N-O-R, B-K-H-D-E-M-C-C-K-B-N-I-N-G-F-O-B-D-H-E-R, H-D-E-B-E-K-F-A-B-L-B-D-B-M-E-F-C-N-G-E-R, K-D-O-B-I-J-F-E-B-J-A-D-F-F-E-N-O-F-J-O-R, C-D-G-L-B-M-L-G-O-F-B-D-G-L-E-G-B-A-F-M-R, M-A-K-D-B-F-I-A-B-F-M-D-E-E-G-A-J-B-K-B-R, D-B-C-C-D-F-D-C-B-G-D-E-K-K-E-A-G-M-F-K-R, D-B-E-O-C-F-F-B-C-O-J-E-D-C-D-D-E-K-E-K-R, D-J-A-J-B-F-C-J-C-B-D-C-A-B-E-L-I-K-L-M-R, C-D-J-F-I-F-B-O-N-G-H-F-B-M-E-F-D-E-K-J-R, H-D-K-B-D-I-G-F-B-K-C-M-M-D-E-J-I-F-A-N-R, D-H-L-K-E-L-H-C-E-B-K-F-F-B-D-E-C-O-D-O-R, B-G-D-H-B-O-F-O-J-J-B-O-D-M-D-B-G-A-F-E-R, K-J-D-E-B-O-O-C-C-D-K-C-F-E-E-B-F-D-D-E-R, H-D-H-H-M-G-D-I-B-L-K-F-O-B-D-M-J-E-B-J-R, D-B-H-F-G-B-D-N-N-A-B-F-O-J-J-E-M-A-C-F-R, C-A-O-D-G-B-H-G-D-L-K-L-C-F-E-H-B-D-G-E-R, H-F-O-A-H-D-B-J-F-G-I-B-D-I-J-J-F-C-E-M-R, J-D-B-F-F-G-J-B-O-B-B-O-D-O-H-G-A-E-M-D-R, J-D-F-H-I-L-O-H-B-F-B-M-D-E-J-C-D-B-G-F-R, F-C-M-F-D-O-M-J-K-B-H-O-M-G-F-L-B-D-E-F-R, H-E-D-I-K-B-K-F-B-H-J-D-G-A-J-C-E-F-E-M-R, C-H-N-D-B-N-E-F-M-A-B-M-D-L-E-C-N-C-L-J-R, D-E-E-B-I-F-D-B-H-F-M-C-N-H-D-G-E-A-M-H-R, J-J-D-A-J-B-G-B-D-G-E-F-A-B-M-G-D-A-I-E-R, F-B-D-K-M-D-A-E-F-B-F-L-B-N-D-I-M-E-K-J-R, A-F-D-K-O-B-I-O-H-F-M-I-B-D-H-O-O-G-E-J-R, C-D-I-M-L-F-L-B-N-F-J-A-F-B-D-B-I-E-L-M-R, D-L-L-M-L-C-B-B-J-F-B-D-I-F-F-A-I-N-E-M-R, G-D-G-J-B-F-E-B-D-E-D-J-A-F-C-A-G-C-J-G-R, D-M-B-C-C-E-F-F-B-A-E-J-C-K-L-D-D-J-D-E-R, C-C-D-M-L-A-J-B-B-J-L-F-M-B-D-M-F-D-E-N-R, G-F-N-D-A-L-B-M-K-F-B-H-D-D-I-L-A-C-H-E-R, J-K-D-B-C-E-K-E-F-B-E-O-D-O-E-C-F-D-C-D-R, N-M-D-B-L-F-O-L-B-A-A-A-K-D-O-A-E-H-G-N-R, D-B-F-I-O-B-N-E-G-K-K-K-M-A-L-D-H-F-C-E-R]
error_89,[D-N-I-D-F-E-N-I-N-J-M-F-K-A-I-I-N-N-N-M-R, D-N-L-L-E-G-F-I-G-E-F-N-A-L-J-F-M-C-B-I-R, G-K-J-D-I-N-G-I-K-O-O-H-E-J-F-C-I-G-D-C-R, D-J-E-N-H-E-I-E-A-L-J-F-E-B-I-K-O-I-G-E-R, H-D-N-D-I-M-L-N-L-N-J-H-H-F-C-C-C-D-I-B-R, D-F-H-H-N-I-F-N-J-H-F-A-I-A-F-D-I-A-C-G-R, N-D-G-N-O-H-I-M-D-B-J-K-A-F-L-A-J-F-F-I-R, K-K-D-A-D-N-H-I-H-J-F-D-I-A-E-I-O-H-L-G-R, C-D-N-A-I-A-J-N-D-L-F-I-B-G-I-G-B-B-M-D-R, A-D-C-M-N-H-I-L-E-J-J-F-M-B-C-K-E-E-L-I-R, D-J-N-L-I-D-B-O-J-O-F-B-E-O-J-I-H-K-G-J-R, B-D-E-O-M-G-N-L-L-K-H-K-I-J-G-F-B-L-I-C-R, D-I-M-M-H-N-B-F-B-E-I-F-G-H-G-J-E-F-B-I-R, G-D-N-A-H-I-H-E-K-I-H-J-K-F-L-D-D-A-I-O-R, O-D-H-E-O-A-C-N-I-N-E-J-O-O-N-F-I-E-F-O-R, D-N-L-H-I-J-G-L-H-M-H-F-I-H-J-D-K-O-G-B-R, E-O-A-F-E-D-N-K-A-M-I-N-H-J-A-C-F-I-A-I-R, J-H-N-D-H-A-G-N-C-I-J-O-F-E-E-A-B-I-K-B-R, G-C-K-M-F-D-N-I-J-N-F-O-I-K-A-F-J-O-L-L-R, B-D-D-N-G-L-F-D-O-I-J-A-L-N-H-F-I-G-B-N-R, D-L-H-N-I-F-H-J-F-G-L-O-C-B-J-F-I-I-I-I-R, F-E-J-D-M-J-M-N-F-H-L-G-A-I-J-O-M-F-I-K-R, B-D-A-L-K-C-L-N-O-L-F-C-H-I-J-F-I-N-D-K-R, M-D-C-N-L-I-O-J-A-M-C-A-E-H-E-N-F-I-C-L-R, B-D-N-D-I-F-J-L-O-F-I-F-N-F-N-M-F-F-O-F-R, D-I-N-I-L-E-E-O-J-G-F-E-E-I-B-H-K-E-A-J-R, C-D-N-I-K-G-O-M-J-K-N-J-H-K-H-D-G-F-L-I-R, C-F-D-G-L-O-D-C-N-K-I-O-B-G-J-F-J-I-B-N-R, M-B-D-N-A-I-J-F-A-C-E-M-M-G-D-I-N-C-F-C-R, N-D-D-F-L-N-K-G-K-E-H-A-K-K-H-I-D-J-F-I-R, N-G-D-J-H-N-G-K-I-A-K-G-N-O-L-J-D-F-I-J-R, E-G-G-J-D-N-I-I-F-N-E-N-J-L-F-I-B-E-H-H-R, O-M-E-D-H-C-N-M-I-J-J-O-G-O-H-F-I-E-B-B-R, A-D-G-L-E-N-I-B-G-J-L-F-M-M-O-I-J-B-M-F-R, E-B-G-B-N-K-M-D-N-M-B-D-I-I-A-J-F-I-B-B-R, F-D-N-I-K-J-H-E-O-F-I-E-O-I-E-O-B-O-I-B-R, B-H-O-D-A-J-I-N-K-I-F-I-J-L-F-M-I-M-J-N-R, K-F-N-D-I-M-N-M-B-I-J-F-I-D-A-D-K-B-A-A-R, A-H-O-J-O-J-K-D-K-N-F-I-L-G-K-I-J-F-K-I-R]
error_46,[H-M-H-K-D-N-H-L-G-L-D-D-I-C-I-A-K-L-O-B-R, D-O-C-C-I-N-I-K-M-C-K-O-I-G-K-B-K-H-J-D-R, D-E-J-O-H-E-N-B-M-F-A-O-I-M-N-C-F-K-B-O-R, D-L-O-E-N-I-C-D-M-K-I-O-H-C-I-M-G-E-G-G-R, K-D-A-L-N-K-C-A-O-I-H-C-K-O-A-J-J-L-B-O-R, D-I-D-J-N-M-I-C-K-L-B-B-O-N-D-C-M-E-C-I-R, D-D-D-I-K-L-I-L-H-E-L-N-I-B-A-C-K-K-O-N-R, D-H-D-J-N-I-C-C-A-K-H-O-H-E-O-C-F-H-M-B-R, D-N-F-I-O-B-B-M-M-C-K-J-O-M-N-H-I-B-M-H-R, D-G-N-F-L-L-I-A-N-H-A-M-N-B-A-C-M-K-O-K-R, N-F-H-G-H-O-E-D-E-I-J-H-J-N-I-C-K-O-H-J-R, F-F-O-A-D-M-E-H-D-N-H-I-G-D-C-L-K-M-O-E-R, G-A-F-O-K-O-D-N-I-F-M-C-K-O-N-O-E-J-L-G-R, J-H-G-J-G-D-I-N-G-I-A-C-N-K-I-O-G-O-G-I-R, C-N-K-G-D-N-I-D-C-O-L-F-H-C-K-D-M-J-O-G-R, D-D-F-A-F-J-J-M-J-M-G-O-K-N-I-C-J-K-O-B-R, D-N-I-H-C-A-I-C-D-K-E-E-L-O-B-C-L-A-K-K-R, D-H-N-I-H-G-E-F-B-L-C-K-H-A-E-O-J-G-N-C-R, D-G-H-C-J-I-N-I-B-B-C-N-M-K-G-O-A-B-N-I-R, A-D-A-M-J-N-C-I-G-O-C-M-A-K-K-O-K-F-J-F-R, G-C-D-E-N-O-K-G-I-I-D-O-H-K-C-C-O-L-K-O-R, D-H-N-L-A-M-H-I-L-C-N-K-E-H-O-O-F-E-M-H-R, F-H-M-G-B-D-I-L-C-N-I-C-D-K-I-K-E-K-O-D-R, F-D-L-N-I-D-H-K-I-O-A-C-K-E-K-E-O-N-J-A-R, M-D-A-N-C-I-E-I-D-O-B-C-N-E-L-K-D-O-G-I-R, A-D-N-A-I-K-A-L-C-C-K-H-H-J-A-D-D-O-A-A-R, K-D-N-L-C-M-I-C-H-F-H-F-D-I-E-K-O-C-B-N-R, D-M-L-O-L-A-I-L-N-I-E-H-H-E-C-K-I-H-E-O-R, O-D-M-N-G-A-C-I-M-L-M-K-F-M-D-H-C-L-K-O-R, B-D-G-N-A-L-G-E-O-H-K-I-K-A-K-C-O-K-K-O-R, B-D-E-G-C-N-I-D-F-C-K-M-D-L-H-I-I-K-K-O-R, D-K-N-A-I-K-C-K-O-I-C-G-D-G-N-L-M-J-E-D-R, M-C-D-N-I-D-C-I-C-A-F-I-K-L-E-O-F-O-F-D-R, D-M-K-J-L-G-L-N-I-C-E-F-M-I-K-I-I-O-I-A-R, M-D-N-I-M-N-C-J-O-M-C-F-K-O-K-E-C-D-O-H-R, D-A-E-A-N-F-I-C-H-E-C-F-A-K-K-D-O-J-E-N-R, O-H-B-K-A-N-K-D-N-C-E-I-C-O-E-J-D-D-K-O-R, B-F-D-A-K-N-I-K-N-B-C-O-K-M-O-I-C-L-E-M-R, C-G-N-C-N-D-L-N-I-C-L-K-M-M-O-O-O-F-E-L-R, K-D-I-E-L-I-L-D-N-A-L-H-B-I-C-K-D-K-O-N-R, J-D-N-D-I-C-K-O-K-I-A-K-F-G-M-B-L-J-M-A-R, J-J-B-F-F-N-D-N-E-M-M-E-I-C-K-O-B-B-N-F-R]
error_24,[F-D-M-A-E-L-H-E-A-J-N-K-J-F-A-M-I-M-L-L-R, J-E-D-L-C-N-J-H-E-F-E-K-C-M-I-I-A-M-B-L-R, D-N-M-A-K-K-M-M-J-H-H-F-I-N-M-L-G-J-L-E-R, D-H-H-G-A-F-H-N-A-J-J-N-F-F-E-C-D-J-I-M-R, K-N-M-D-K-N-G-K-J-K-F-E-E-M-L-I-M-D-D-K-R, N-F-F-O-D-G-C-K-D-H-H-N-A-J-E-C-F-M-I-M-R, D-I-O-N-B-B-H-M-C-J-F-I-M-D-J-C-I-I-O-G-R, F-F-K-D-N-G-K-K-J-H-F-I-J-I-M-L-G-H-J-C-R, D-M-C-A-F-M-N-A-J-F-A-L-F-M-B-E-J-I-M-A-R, O-O-M-D-E-N-F-F-M-J-F-A-K-C-I-D-M-O-A-G-R, G-H-D-J-L-A-N-O-J-H-F-I-M-E-J-A-K-F-F-K-R, K-M-G-G-F-G-G-H-H-D-N-J-I-F-I-F-M-G-A-A-R, D-I-N-M-O-C-C-A-H-K-J-O-M-N-F-A-J-I-M-O-R, D-A-E-C-N-B-L-J-F-L-K-L-K-K-J-I-N-M-O-N-R, D-J-E-A-F-N-G-J-H-C-F-J-O-I-B-B-I-N-J-M-R, E-D-A-L-K-N-C-B-A-A-J-F-O-I-C-M-I-K-L-M-R, N-D-H-L-E-O-I-J-H-N-C-J-F-I-D-M-I-B-N-L-R, D-N-C-E-J-J-I-L-D-N-F-O-C-E-B-I-M-K-E-C-R, K-D-J-L-C-M-D-N-J-B-C-C-F-H-I-F-D-M-K-A-R, A-D-N-J-J-F-M-N-C-I-M-H-O-K-M-O-C-O-I-A-R, F-G-J-D-L-K-N-K-K-D-L-E-J-O-F-I-M-B-A-F-R, D-G-N-A-B-F-F-C-M-J-F-L-D-I-K-M-I-M-H-F-R, D-G-N-J-K-K-F-K-E-K-N-M-M-K-I-M-L-D-E-D-R, B-A-D-I-N-L-B-F-B-H-J-F-J-J-C-E-I-N-M-D-R, D-G-E-I-J-N-J-F-B-O-C-H-F-J-I-M-E-F-K-L-R, D-E-A-N-J-N-N-N-N-F-D-I-I-I-K-I-F-M-N-M-R, D-C-D-A-O-C-K-C-O-N-L-J-B-D-B-O-F-I-M-F-R, D-H-G-D-N-J-L-C-B-D-L-B-K-F-K-L-E-I-D-M-R, D-N-L-J-C-F-O-H-C-B-O-C-I-M-E-K-J-N-K-A-R, D-O-G-D-N-H-C-K-J-H-F-A-O-I-E-B-J-F-C-M-R, D-J-A-O-O-N-F-F-G-J-I-F-L-L-N-I-M-K-K-C-R, D-N-C-O-J-K-H-F-J-M-L-B-I-M-B-O-K-K-I-M-R, D-D-N-F-J-D-F-B-O-I-A-N-M-L-L-J-J-B-K-O-R, D-I-A-N-H-O-J-M-F-K-C-N-H-E-I-N-C-A-M-H-R, D-E-M-C-E-N-J-F-G-K-I-M-M-G-N-O-J-I-O-I-R, D-I-G-N-O-J-K-M-F-I-I-K-M-A-B-D-H-E-K-D-R, J-D-I-N-H-L-J-F-M-I-M-O-I-E-M-F-E-J-F-D-R, D-D-J-O-I-N-K-J-E-H-I-N-B-F-I-M-L-E-N-O-R, N-K-M-E-J-G-M-H-F-D-N-J-F-C-O-I-B-N-J-M-R, O-D-A-L-N-J-O-F-E-I-J-D-M-C-K-L-B-K-G-I-R, D-C-C-E-K-O-C-A-N-O-K-J-M-N-D-F-H-L-I-M-R, N-H-O-D-C-N-O-J-M-O-M-E-K-F-D-C-I-C-M-K-R]
error_80,[D-N-F-F-O-N-L-I-M-G-M-C-D-C-K-H-O-J-O-L-R, D-E-N-F-N-J-K-E-M-I-L-K-J-G-I-L-M-D-I-K-R, G-A-D-N-H-C-O-N-L-B-I-C-J-L-O-D-I-L-M-E-R, O-G-K-C-B-D-K-M-A-G-N-H-N-L-I-G-M-L-F-G-R, N-K-B-A-A-H-K-F-C-A-D-N-M-N-L-I-G-L-M-O-R, D-D-I-M-L-N-N-D-L-G-I-M-I-H-F-I-I-L-B-E-R, D-D-J-J-K-G-F-N-N-I-H-C-O-L-I-O-M-E-F-C-R, D-O-H-N-N-M-A-H-L-D-L-L-I-G-M-C-A-E-G-M-R, C-N-D-N-B-N-L-L-I-N-I-M-G-B-J-N-K-B-G-O-R, D-E-M-N-E-N-A-O-I-L-E-L-I-I-E-F-B-M-J-E-R, D-G-G-N-L-K-N-L-G-N-J-E-I-C-I-B-D-N-N-M-R, K-H-D-N-K-N-A-C-M-E-C-H-L-B-N-L-I-G-N-M-R, D-I-H-G-N-N-A-K-E-L-G-I-E-M-N-A-O-K-O-E-R, E-F-D-M-N-H-K-B-E-M-O-N-L-K-I-N-C-M-I-O-R, D-J-A-H-M-G-E-I-L-E-I-N-B-N-L-I-M-E-A-F-R, J-D-F-G-E-N-N-L-G-A-J-I-L-E-I-G-E-M-F-I-R, B-A-M-J-D-N-O-D-N-J-E-I-C-M-D-L-I-B-M-I-R, D-M-E-H-E-G-K-A-H-N-N-L-I-E-M-L-M-B-K-N-R, D-A-O-C-F-N-G-D-B-M-N-O-L-L-A-H-A-M-I-M-R, D-D-L-N-L-N-I-I-L-H-M-G-E-D-I-I-B-M-F-I-R, O-D-N-M-C-H-B-N-L-D-L-N-I-M-M-D-A-M-E-H-R, D-F-M-N-A-N-L-I-J-I-E-M-D-D-N-E-M-C-L-H-R, G-N-D-N-N-J-B-L-N-I-I-L-D-M-C-E-G-K-N-G-R, F-K-D-N-C-C-O-N-B-L-G-N-I-F-G-M-F-A-J-D-R, J-D-C-N-D-B-O-M-A-N-B-J-L-B-B-I-M-C-H-E-R, O-E-B-C-D-D-H-O-H-J-N-N-A-L-A-N-I-M-H-N-R, N-D-I-N-D-N-L-J-B-L-L-J-I-G-M-A-E-G-O-M-R, O-D-J-G-J-J-C-A-K-L-L-N-N-K-L-K-I-G-B-M-R, H-C-C-D-N-O-N-A-D-L-J-B-B-I-M-K-N-L-M-D-R, C-K-D-E-E-D-G-H-H-N-E-A-C-N-L-I-J-M-D-F-R]
